source,stress_score,academic_workload_score,study_time_score,sleep_hours_score,stress_trend,workload_trend,study_trend,sleep_trend,mfbi_score,burnout_risk_level,next_week_number
real,33.0,8.13,19.0,70.0,4.0,0.6300000000000008,-2.879999999999999,-5.0,0.7745,Moderate,3.0
real,15.0,5.63,9.63,50.0,0.0,0.0,0.0,0.0,0.4558,Moderate,4.0
real,7.0,2.5,10.0,25.0,-11.0,-1.88,-3.130000000000001,-25.0,0.2688,Low,4.0
real,24.0,4.38,12.75,50.0,0.0,0.0,0.0,0.0,0.512,High,2.0
synthetic_balance,9.63,0.51,7.06,17.73,1.077,0.8851,0.0291,-3.7504,0.2774,Low,3.0
synthetic_balance,4.23,1.14,8.29,7.97,-5.2578,1.0138,-0.5411,-1.4096,0.2456,Low,3.0
synthetic,16.5,4.42,11.67,77.01,3.31,-0.58,0.87,-10.43,0.6492,Moderate,
synthetic_balance,36.14,6.58,3.04,94.7,-0.3402,-0.3642,0.6682,9.3765,0.6834,High,3.0
synthetic_balance,28.89,2.41,0.67,29.2,4.282,0.2317,-0.1226,3.7137,0.3129,Low,3.0
synthetic_balance,6.17,0.19,4.19,37.23,-3.0282,1.2578,0.2508,10.8013,0.242,Low,2.0
synthetic_balance,7.71,5.51,1.56,25.69,1.6599,-0.0938,-1.889,5.2912,0.3012,Low,2.0
real,19.0,3.13,15.88,60.0,6.0,0.6299999999999999,12.13,45.0,0.5058,High,4.0
real,11.0,1.25,6.5,15.0,-1.0,-2.5,-0.3799999999999999,-20.0,0.2025,Low,3.0
real,21.0,4.38,18.38,55.0,0.0,0.0,0.0,0.0,0.562,Low,4.0
synthetic_balance,24.88,7.24,8.29,73.36,0.115,-0.2938,0.5066,4.2242,0.6867,High,3.0
synthetic,24.52,7.19,2.33,6.12,0.97,-1.53,0.63,-16.52,0.3968,Moderate,
synthetic,23.66,8.18,4.17,27.64,4.32,0.94,0.4,-10.94,0.5083,Moderate,
synthetic,6.62,0.42,5.0,27.06,-2.87,-0.27,0.81,-11.13,0.2238,Low,
synthetic,15.25,8.42,6.63,83.5,4.52,1.32,-1.79,-4.72,0.6526,Moderate,
synthetic,36.0,6.65,4.62,44.34,-5.22,-0.91,0.31,-7.84,0.5985,Moderate,
synthetic,16.49,5.19,3.12,2.7,0.59,-1.34,-0.8,-3.26,0.3046,Low,
synthetic_balance,21.89,4.82,1.28,50.06,-0.6107,0.6544,-0.1566,-15.8552,0.3885,Low,2.0
synthetic_balance,24.37,4.13,10.17,97.65,-0.5277,1.2608,-0.653,9.3257,0.6742,High,2.0
real,34.0,7.5,18.38,90.0,24.0,6.87,5.629999999999999,65.0,0.8088,Low,3.0
synthetic_balance,35.05,9.6,3.68,66.71,1.6755,0.0965,-0.4922,-11.7184,0.6965,High,2.0
synthetic_balance,10.26,10.0,9.92,80.14,-6.8636,1.0898,-1.1113,8.6912,0.7114,High,2.0
real,31.0,7.5,19.0,55.0,0.0,0.0,0.0,0.0,0.7088,Moderate,2.0
real,24.0,5.63,4.38,55.0,0.0,0.0,0.0,0.0,0.4721,Moderate,2.0
real,15.0,5.0,6.88,50.0,0.0,0.0,0.0,0.0,0.4126,Low,2.0
synthetic,37.16,7.48,7.85,96.73,-2.78,0.16,-0.42,3.81,0.8247,High,
synthetic,4.23,4.0,7.37,71.65,-2.18,-0.03,-0.34,-7.33,0.4591,Moderate,
synthetic,26.52,3.99,8.64,38.07,3.36,0.3,-1.01,11.65,0.5407,Moderate,
synthetic,25.55,1.54,2.92,19.35,0.52,-1.44,0.42,-0.35,0.3075,Low,
real,34.0,6.25,15.88,100.0,0.0,0.0,0.0,0.0,0.7776,High,4.0
synthetic_balance,36.43,1.86,10.71,89.83,1.4987,0.3117,0.011,-3.1853,0.6954,High,2.0
synthetic_balance,38.16,7.58,4.44,72.21,3.4184,-0.7281,1.0418,2.0019,0.6904,High,2.0
synthetic,0.79,3.77,11.44,11.91,-5.18,0.68,0.17,-7.25,0.3673,Low,
synthetic,20.59,0.4,7.11,26.11,1.01,-0.66,0.45,-0.92,0.352,Low,
synthetic_balance,22.05,10.0,8.75,81.01,5.4746,-0.3368,-0.5627,-13.287,0.7598,High,3.0
synthetic_balance,6.34,5.08,5.43,68.05,-2.7433,-0.2159,-1.1197,-2.9508,0.486,Low,2.0
synthetic_balance,37.2,4.2,9.9,90.23,-1.7328,-0.2691,-0.4247,5.6838,0.836,High,3.0
synthetic,22.96,3.64,6.35,77.0,-5.76,-0.5,0.76,-1.77,0.5593,Moderate,
synthetic,31.93,2.86,1.8,25.41,0.52,-0.09,-0.94,-5.22,0.3721,Low,
real,30.0,7.5,18.75,70.0,0.0,0.0,0.0,0.0,0.7375,Moderate,4.0
real,5.0,3.13,6.5,25.0,0.0,0.0,0.0,0.0,0.237,Moderate,2.0
synthetic,2.8,2.24,7.62,28.39,-4.13,0.08,-0.17,-1.06,0.3032,Low,
real,20.0,5.0,12.75,40.0,0.0,0.6200000000000001,-3.130000000000001,5.0,0.4775,Moderate,3.0
synthetic_balance,21.52,6.98,9.18,76.44,-0.1221,-0.2171,0.4631,6.9125,0.684,High,3.0
synthetic_balance,6.32,0.59,6.2,56.19,2.7036,0.2115,0.2782,-0.231,0.3367,Low,2.0
real,23.0,6.25,13.13,45.0,3.0,2.5,1.0,-10.0,0.5438,Moderate,4.0
real,8.0,1.25,4.38,15.0,0.0,0.0,0.0,0.0,0.1626,Low,4.0
real,28.0,7.5,15.25,70.0,-4.0,1.87,-3.75,-5.0,0.69,Moderate,3.0
synthetic_balance,33.09,8.21,8.96,87.63,-1.5027,-0.5708,0.0867,3.5588,0.8233,High,2.0
synthetic_balance,35.17,4.85,10.95,71.94,-4.2433,-0.1465,-0.2169,-12.1846,0.7635,High,3.0
synthetic_balance,32.58,9.03,11.39,9.75,1.0526,0.1372,0.2722,6.2827,0.6878,High,3.0
synthetic,21.01,0.64,8.31,74.31,-2.07,0.62,-0.13,8.91,0.5062,Moderate,
synthetic,29.38,4.44,2.52,91.1,-0.04,1.66,0.16,-3.8,0.575,Moderate,
real,30.0,8.75,18.38,60.0,0.0,0.0,0.0,0.0,0.7401,Moderate,2.0
synthetic_balance,38.46,7.23,7.19,78.37,-4.1311,0.5393,0.5134,-16.9904,0.7579,High,2.0
real,34.0,8.13,21.5,85.0,0.0,0.0,0.0,0.0,0.8433,High,4.0
real,29.0,8.75,12.75,70.0,0.0,0.0,0.0,0.0,0.7025,Moderate,2.0
real,27.0,6.88,18.38,80.0,0.0,0.0,0.0,0.0,0.7246,High,2.0
real,33.0,6.25,21.88,80.0,0.0,-1.8800000000000008,0.0,0.0,0.7813,Moderate,4.0
synthetic,28.29,4.06,7.32,49.71,3.43,-0.01,0.28,-6.52,0.555,Moderate,
synthetic_balance,4.99,3.67,1.88,71.25,-6.2944,0.8334,-0.294,-6.0452,0.3173,Low,2.0
synthetic_balance,8.08,3.43,6.07,32.26,1.3658,0.7958,0.1931,0.2146,0.3256,Low,2.0
synthetic_balance,2.15,2.25,8.62,39.72,-1.5713,-0.3249,-2.4357,14.2497,0.3319,Low,3.0
real,10.0,3.75,6.88,20.0,-19.0,-5.0,-11.5,-50.0,0.2751,High,3.0
real,30.0,7.5,15.88,65.0,0.0,0.0,0.0,0.0,0.6963,Moderate,2.0
real,20.0,5.0,15.88,50.0,0.0,0.0,0.0,0.0,0.5338,High,4.0
real,26.0,9.38,10.0,80.0,0.0,0.0,0.0,0.0,0.697,Moderate,2.0
real,32.0,7.5,18.38,80.0,21.0,3.75,17.13,50.0,0.7713,High,3.0
synthetic_balance,4.47,4.69,6.5,6.03,-5.0727,0.6381,0.6861,-1.9047,0.3259,Low,2.0
synthetic,20.54,1.6,8.16,71.91,-1.68,0.57,0.65,2.82,0.5184,Moderate,
synthetic,38.27,3.49,7.19,78.52,1.75,-0.68,0.5,16.48,0.6726,High,
synthetic,19.19,2.77,1.17,51.36,0.32,-0.07,1.34,14.55,0.3419,Moderate,
synthetic_balance,26.14,9.36,10.53,85.22,-1.7566,-0.0287,0.7132,19.0987,0.8475,High,2.0
synthetic,33.78,1.04,11.55,61.73,4.9,0.31,-0.05,7.18,0.632,Moderate,
synthetic,14.54,1.24,4.62,91.55,1.0,0.57,0.76,-5.83,0.447,Moderate,
synthetic_balance,27.64,5.87,9.0,67.09,0.8209,-0.1748,1.7315,2.7884,0.6822,High,2.0
synthetic_balance,13.01,1.64,10.18,9.56,0.0266,-0.1942,1.2316,0.7089,0.3494,Low,3.0
synthetic_balance,38.88,10.0,5.24,33.3,0.1012,0.3636,0.4579,3.4327,0.7007,High,2.0
synthetic,18.05,3.62,9.16,81.6,-4.61,-1.19,0.42,8.21,0.5983,Moderate,
synthetic_balance,9.48,9.1,10.12,83.42,-6.6366,1.0094,-1.0775,10.7606,0.7112,High,3.0
synthetic,18.46,0.13,7.31,23.09,1.09,0.4,0.23,6.1,0.3287,Low,
synthetic,18.12,5.4,7.07,27.1,1.86,-0.15,0.21,10.13,0.4632,Moderate,
synthetic_balance,32.62,2.94,1.44,29.12,0.8842,0.008,-0.7054,-5.6192,0.3647,Low,2.0
real,9.0,3.75,9.63,30.0,-20.0,-3.13,-8.749999999999998,-60.0,0.3213,High,4.0
synthetic_balance,35.09,1.3,9.93,85.5,2.183,0.1244,-0.2146,-2.8479,0.6995,High,3.0
synthetic_balance,33.32,8.63,10.99,13.66,1.8719,0.0422,0.3847,5.9495,0.6788,High,2.0
real,13.0,4.38,4.38,0.0,0.0,0.0,0.0,0.0,0.2346,Moderate,4.0
synthetic_balance,25.89,6.37,9.55,68.83,1.1974,-0.1751,1.7091,1.3244,0.665,High,3.0
real,6.0,1.25,6.5,30.0,-1.0,-2.5,2.12,5.0,0.2088,Low,4.0
real,11.0,3.75,1.25,30.0,0.0,0.0,0.0,0.0,0.25,High,2.0
synthetic_balance,19.33,4.17,12.22,40.26,-1.8562,-3.8141,0.4823,-20.7783,0.4559,Low,2.0
real,20.0,6.25,15.25,35.0,-5.0,-1.8800000000000008,-3.75,-35.0,0.5213,Low,3.0
synthetic,13.49,7.39,7.35,93.48,3.71,0.18,-0.15,-13.97,0.6559,Moderate,
synthetic_balance,6.65,0.03,3.36,37.87,-3.1236,1.2952,0.3413,10.2677,0.2293,Low,2.0
synthetic_balance,34.65,5.24,8.4,78.84,0.7642,0.2606,-0.322,-3.9285,0.706,High,2.0
real,31.0,6.25,18.38,75.0,0.0,0.0,0.0,0.0,0.7213,High,2.0
synthetic,30.38,4.01,2.95,44.15,0.04,0.92,-0.7,-1.94,0.4619,Moderate,
synthetic,36.42,8.85,6.69,24.36,1.29,0.16,1.27,1.94,0.649,High,
synthetic_balance,19.26,8.88,12.12,70.41,-2.3406,-0.0537,0.2268,-11.8897,0.7558,High,3.0
synthetic,10.48,1.18,3.04,5.34,0.18,-0.65,0.81,-11.22,0.1716,Low,
real,9.0,3.13,4.38,40.0,-25.0,-4.37,-14.0,-50.0,0.2783,High,4.0
synthetic_balance,39.41,8.96,5.29,78.33,-0.6119,-1.3324,-0.6204,-1.8566,0.7691,High,2.0
synthetic,24.25,5.96,5.48,15.42,1.24,0.06,-1.08,-12.81,0.4533,Moderate,
synthetic_balance,38.73,4.23,11.06,84.2,-1.5035,-0.5994,0.9903,-11.1218,0.7736,High,2.0
synthetic,3.08,1.16,10.83,24.89,0.49,0.63,0.68,-6.71,0.3363,Low,
synthetic,32.61,4.55,11.82,45.0,-1.89,-0.54,0.26,1.8,0.6765,Moderate,
synthetic,34.86,0.47,2.76,33.82,-1.32,-0.06,0.82,-7.65,0.3716,Low,
real,21.0,6.25,13.13,35.0,0.0,0.0,0.0,0.0,0.5063,Low,4.0
synthetic,14.96,9.55,11.42,42.29,1.27,-0.7,0.27,-10.71,0.676,Moderate,
synthetic_balance,18.63,8.08,7.42,72.79,2.5047,-0.3703,-0.313,13.6092,0.6597,High,3.0
synthetic_balance,35.16,5.09,10.05,80.53,-1.7127,-1.0133,0.0492,0.8039,0.731,High,2.0
synthetic,12.23,9.04,4.74,64.2,-0.18,-0.73,0.72,-1.65,0.5618,Moderate,
synthetic,36.13,9.26,4.51,57.77,4.24,2.16,-0.75,-4.02,0.6956,High,
real,11.0,1.88,3.75,25.0,0.0,0.0,0.0,0.0,0.2158,Moderate,4.0
synthetic,32.89,5.16,5.18,63.72,-2.4,0.35,-0.96,-0.4,0.6017,Moderate,
real,11.0,1.88,4.38,35.0,0.0,0.0,0.0,0.0,0.2471,Moderate,4.0
synthetic,26.3,5.13,1.72,25.35,0.39,0.04,-0.25,-2.74,0.3919,Low,
synthetic_balance,36.35,10.0,9.63,55.3,3.3034,-0.8197,-1.2598,5.7575,0.7762,High,2.0
synthetic_balance,34.12,2.48,9.87,76.75,3.9585,-0.2609,0.4903,12.3595,0.6939,High,2.0
synthetic_balance,34.07,5.84,9.23,71.32,-0.6737,0.1409,1.4602,-10.91,0.7341,High,2.0
synthetic_balance,19.37,0.64,3.49,63.65,-6.9374,1.1492,0.3496,-0.9169,0.3628,Low,2.0
synthetic_balance,0.0,7.68,0.88,29.97,2.7306,-0.3008,0.3516,-1.8666,0.2801,Low,3.0
synthetic,7.0,6.22,6.27,93.62,0.38,-1.24,-1.15,-2.17,0.5641,Moderate,
synthetic_balance,2.26,3.8,11.12,5.42,-5.039,0.3984,0.1586,-6.949,0.3712,Low,3.0
synthetic,29.05,4.26,9.68,35.73,2.55,-1.42,-0.88,-2.88,0.579,Moderate,
synthetic,35.32,9.97,9.44,45.63,3.04,-0.78,-1.22,8.06,0.7808,High,
synthetic,12.43,6.45,1.95,35.5,-6.33,0.63,-0.43,2.62,0.3683,Low,
synthetic,37.27,0.91,10.96,72.16,-3.86,1.55,0.32,-2.32,0.6644,Moderate,
synthetic_balance,5.81,9.26,4.4,10.91,-2.0926,-0.8371,0.6152,7.9759,0.37,Low,3.0
real,30.0,7.5,18.75,65.0,23.0,3.75,6.0,50.0,0.725,Low,4.0
synthetic_balance,20.21,1.28,6.98,28.35,0.6972,-0.6355,0.6068,-2.3822,0.3482,Low,2.0
synthetic_balance,40.0,1.03,10.72,68.71,3.9946,0.3549,-0.7646,11.4369,0.6738,High,3.0
synthetic_balance,35.02,9.7,3.7,61.98,1.7872,0.2763,-0.5379,-13.205,0.7191,High,3.0
synthetic,28.13,3.16,8.22,5.98,3.67,-0.22,1.46,-1.68,0.4411,Moderate,
real,10.0,3.13,6.88,20.0,-22.0,-3.75,-12.12,-60.0,0.2596,Moderate,3.0
synthetic_balance,5.08,3.18,0.64,68.9,-6.016,0.7869,-0.6534,-6.3676,0.3426,Low,2.0
synthetic,24.73,6.49,3.71,76.93,-2.04,-0.82,-0.65,9.35,0.5863,Moderate,
synthetic_balance,38.09,9.48,3.48,66.1,0.7503,0.0856,-0.4927,-14.4081,0.6843,High,3.0
real,12.0,1.88,4.38,15.0,0.0,0.0,0.0,0.0,0.2033,High,4.0
synthetic_balance,7.93,0.0,5.81,56.39,3.3182,-0.2737,2.3207,0.2979,0.3435,Low,2.0
synthetic,13.5,1.43,8.96,50.0,-0.7,0.21,-1.7,9.07,0.4318,Moderate,
synthetic_balance,22.49,5.42,11.51,85.14,3.4365,1.1918,1.3132,-7.6614,0.7154,High,2.0
synthetic,29.72,6.75,2.42,9.85,1.77,-1.05,0.15,4.22,0.4295,Moderate,
real,31.0,8.13,12.75,80.0,0.0,0.0,0.0,0.0,0.7245,Moderate,2.0
synthetic,38.67,1.38,5.37,42.16,-1.25,-0.14,-0.81,2.99,0.4933,Moderate,
real,16.0,3.75,12.75,45.0,0.0,0.0,0.0,0.0,0.4338,Moderate,4.0
real,13.0,2.5,4.38,35.0,0.0,0.0,0.0,0.0,0.2751,Moderate,4.0
real,22.0,3.13,10.0,55.0,0.0,0.0,0.0,0.0,0.4533,High,4.0
synthetic_balance,37.18,6.89,7.44,71.6,-3.6899,0.3994,1.0431,-19.1342,0.7587,High,2.0
synthetic_balance,29.23,2.72,1.57,27.33,2.2703,-0.1583,0.4491,-7.8294,0.3469,Low,3.0
synthetic_balance,31.37,10.0,7.83,72.25,-1.8829,-0.8385,0.1198,2.1833,0.7718,High,2.0
real,31.0,7.5,19.0,80.0,15.0,1.25,9.37,25.0,0.7713,Low,4.0
synthetic,5.87,3.37,1.75,67.63,-6.11,0.74,-0.56,-6.02,0.3264,Low,
synthetic_balance,21.1,7.03,7.55,92.77,-0.1271,0.4443,-0.5852,5.4442,0.6756,High,3.0
synthetic,3.54,9.58,8.31,57.48,-3.11,-0.09,1.19,4.46,0.5786,Moderate,
synthetic_balance,18.68,0.39,8.82,29.6,-1.6208,0.8697,0.2181,-10.0824,0.4018,Low,2.0
real,7.0,1.25,4.38,30.0,0.0,0.0,0.0,0.0,0.1938,Moderate,4.0
synthetic,26.45,3.4,9.58,12.99,-2.73,1.6,-1.07,4.72,0.4821,Moderate,
synthetic_balance,14.04,2.69,0.73,52.09,0.6323,-1.9256,1.55,-2.2014,0.2878,Low,3.0
synthetic_balance,29.31,8.45,10.02,58.22,-1.0549,0.6867,-0.1785,7.5503,0.7484,High,2.0
synthetic,29.05,7.97,4.24,61.78,-0.59,-0.85,0.97,5.2,0.6238,Moderate,
synthetic_balance,35.22,9.5,4.12,68.43,0.0814,0.1151,-0.3064,-15.7726,0.7126,High,2.0
real,16.0,5.0,12.75,45.0,0.0,0.0,0.0,0.0,0.465,High,4.0
synthetic,23.29,4.46,0.91,13.47,-2.09,2.13,-0.5,-5.17,0.3096,Low,
synthetic,3.59,3.39,5.72,41.69,0.38,0.08,-0.35,6.9,0.3307,Low,
synthetic_balance,19.04,2.43,6.34,8.03,2.774,-0.4411,-0.2343,3.0529,0.3461,Low,2.0
real,23.0,4.38,12.13,60.0,0.0,0.0,0.0,0.0,0.5246,Moderate,2.0
synthetic,31.46,0.23,3.94,4.56,1.73,1.38,-0.54,5.25,0.2959,Low,
real,18.0,5.0,10.0,55.0,-14.0,-3.130000000000001,-11.88,-30.0,0.475,High,4.0
synthetic_balance,31.14,3.0,8.82,10.88,-1.1291,-1.9651,-0.585,-3.1143,0.4729,Low,3.0
synthetic,2.18,4.29,9.94,56.19,3.17,-0.19,1.01,8.78,0.4685,Moderate,
synthetic,33.67,4.15,0.56,17.57,2.32,-0.14,0.69,-5.79,0.3697,Low,
real,9.0,3.13,6.88,25.0,0.0,0.0,0.0,0.0,0.2658,Low,4.0
synthetic_balance,23.15,9.48,10.69,97.78,3.3453,0.7177,0.1933,3.626,0.8323,High,3.0
synthetic_balance,33.31,5.15,12.13,87.8,-3.6504,1.2796,0.1773,3.3753,0.8411,High,2.0
synthetic_balance,38.87,7.77,7.77,100.0,-2.7277,0.2067,-0.4531,3.9002,0.8299,High,3.0
synthetic_balance,23.35,7.39,7.77,78.58,-0.3092,-0.1873,0.2718,7.3317,0.684,High,2.0
real,8.0,1.25,10.0,25.0,0.0,0.0,0.0,0.0,0.2438,Moderate,2.0
synthetic_balance,14.01,0.19,1.45,40.3,0.7139,0.2988,-0.0608,-3.3934,0.2226,Low,2.0
synthetic,14.9,5.94,3.47,13.41,2.33,-0.42,-0.67,-4.11,0.3474,Low,
synthetic,33.62,7.54,6.73,63.01,-4.59,-0.9,-1.1,7.67,0.6962,Moderate,
real,9.0,1.25,6.5,35.0,0.0,0.0,0.0,0.0,0.24,Low,4.0
real,25.0,5.63,15.25,75.0,-4.0,-2.500000000000001,-6.25,0.0,0.637,High,4.0
synthetic_balance,22.02,5.97,4.53,5.41,-0.2016,-0.1452,0.0849,-0.0656,0.4041,Low,3.0
synthetic_balance,32.07,3.11,2.04,25.34,0.9759,-0.1084,-1.2059,-4.3787,0.3651,Low,3.0
synthetic,2.44,6.17,3.64,68.55,4.99,0.62,-0.44,-1.05,0.4167,Moderate,
real,33.0,8.13,12.75,95.0,14.0,4.380000000000001,2.75,45.0,0.7745,Moderate,4.0
real,31.0,6.88,21.88,70.0,0.0,0.0,0.0,0.0,0.7595,Low,4.0
real,33.0,9.38,21.5,75.0,23.0,5.630000000000001,14.62,55.0,0.8433,Moderate,4.0
real,21.0,5.0,15.25,45.0,11.0,1.87,8.75,15.0,0.5213,Moderate,4.0
synthetic,1.97,1.82,8.58,38.86,-1.89,-0.24,-2.34,15.66,0.3337,Low,
real,15.0,2.5,7.5,20.0,0.0,0.0,0.0,0.0,0.2813,Low,2.0
synthetic,16.87,0.32,11.63,48.21,-4.33,1.37,0.81,-3.19,0.4762,Moderate,
synthetic,29.33,2.84,6.61,76.26,-1.61,-0.16,-2.48,-10.4,0.5826,Moderate,
real,24.0,2.5,12.75,60.0,-4.0,-5.0,-2.5,-10.0,0.49,Moderate,4.0
real,23.0,5.0,13.13,60.0,2.0,0.6200000000000001,0.0,15.0,0.5501,High,4.0
real,8.0,1.88,4.38,20.0,-6.0,1.25,-8.370000000000001,15.0,0.1908,Moderate,3.0
synthetic_balance,21.62,4.49,1.23,44.9,-0.4029,0.754,-0.3228,-15.3615,0.3854,Low,3.0
real,15.0,5.0,15.88,50.0,-7.0,1.87,5.880000000000001,0.0,0.5026,High,3.0
real,21.0,4.38,13.13,45.0,-14.0,-3.750000000000001,-5.869999999999999,-45.0,0.4846,High,3.0
real,30.0,8.13,18.38,75.0,22.0,6.250000000000001,17.13,45.0,0.7621,Moderate,3.0
synthetic,34.55,4.12,8.9,43.67,-0.23,-0.52,-0.94,-2.52,0.6137,Moderate,
real,23.0,5.0,15.88,65.0,0.0,0.0,0.0,0.0,0.5901,Low,2.0
synthetic,23.67,6.07,7.39,4.09,0.93,0.58,-1.34,2.98,0.4639,Moderate,
synthetic_balance,32.16,7.39,11.99,54.46,-1.5439,-0.9895,1.1234,4.0915,0.7763,High,3.0
synthetic_balance,38.16,6.65,8.22,85.27,-4.8096,0.0296,-0.4483,2.2178,0.7483,High,2.0
synthetic_balance,1.58,1.45,8.59,8.34,-4.9658,0.7708,-0.6016,-3.6149,0.2671,Low,2.0
real,8.0,1.88,10.0,45.0,-26.0,-6.250000000000001,-2.75,-35.0,0.3095,High,4.0
real,28.0,8.75,21.5,70.0,0.0,0.0,0.0,0.0,0.7837,High,4.0
real,18.0,5.0,10.0,60.0,0.0,0.0,0.0,0.0,0.4875,Moderate,2.0
real,12.0,3.13,7.5,40.0,0.0,0.0,0.0,0.0,0.3283,Low,2.0
synthetic,8.98,3.83,3.39,0.68,1.16,-0.12,1.11,-13.04,0.2243,Low,
synthetic_balance,28.47,9.36,10.98,87.73,-1.4224,-0.1456,0.9741,21.6266,0.8508,High,2.0
real,26.0,5.63,12.75,55.0,0.0,0.0,0.0,0.0,0.5683,High,4.0
synthetic_balance,36.97,7.86,11.59,56.67,-2.5285,0.2405,0.9881,-10.9363,0.8061,High,2.0
synthetic_balance,35.6,9.11,4.22,66.64,1.4983,0.0888,-0.3952,-13.8915,0.7041,High,3.0
real,12.0,3.75,6.88,35.0,0.0,0.0,0.0,0.0,0.3251,Low,2.0
synthetic,16.1,6.12,7.13,60.96,0.6,-1.01,0.59,-2.94,0.5546,Moderate,
real,29.0,7.5,25.0,65.0,7.0,1.25,17.5,-5.0,0.7813,Moderate,3.0
synthetic,21.78,1.71,5.88,34.63,-3.97,-0.88,-0.05,2.89,0.3879,Low,
real,21.0,7.5,12.13,60.0,0.0,0.0,0.0,0.0,0.5901,Moderate,2.0
synthetic_balance,4.3,5.58,5.63,16.3,-0.093,0.7742,0.5381,3.6229,0.2961,Low,2.0
synthetic_balance,9.37,6.44,1.24,16.78,5.6855,0.2208,-0.9949,3.8011,0.2897,Low,2.0
real,18.0,4.38,6.88,55.0,10.0,2.5,5.63,35.0,0.4283,Moderate,4.0
real,20.0,3.75,12.13,55.0,15.0,0.6200000000000001,5.630000000000001,30.0,0.4776,Moderate,3.0
synthetic_balance,22.63,7.89,6.43,69.07,2.9423,-0.2965,-0.4516,18.1312,0.6447,High,2.0
synthetic,38.04,1.02,4.84,36.02,0.08,-0.35,0.22,-4.55,0.4542,Moderate,
synthetic_balance,36.11,9.78,1.65,91.91,-0.8138,0.4615,-1.377,-4.0866,0.7555,High,2.0
synthetic_balance,35.57,9.22,10.69,31.21,4.3775,-0.1283,-0.0808,7.7634,0.7689,High,2.0
synthetic,37.84,6.31,6.23,39.7,5.27,0.62,1.41,-5.77,0.6233,Moderate,
synthetic,1.6,6.52,8.07,99.3,-0.23,0.45,-0.31,-16.73,0.5894,Moderate,
real,11.0,1.88,6.88,30.0,0.0,0.0,0.0,0.0,0.2596,Low,4.0
real,32.0,6.88,18.75,70.0,9.0,2.5,3.5,15.0,0.7345,High,4.0
real,12.0,3.75,9.63,10.0,-6.0,-1.88,2.750000000000001,-40.0,0.2901,High,3.0
synthetic,24.25,4.88,11.74,9.19,6.04,-1.19,-0.63,1.66,0.5412,Moderate,
synthetic_balance,21.94,8.41,12.04,78.8,-1.325,-0.2069,0.1164,-9.0594,0.7757,High,2.0
synthetic,24.01,1.71,9.96,79.94,1.68,0.65,0.27,-11.61,0.6,Moderate,
real,27.0,6.88,25.0,75.0,0.0,0.0,0.0,0.0,0.7783,Low,2.0
synthetic,20.63,0.2,4.26,21.05,-3.4,-0.76,0.07,13.7,0.2753,Low,
synthetic_balance,1.12,3.67,11.82,24.08,-5.3308,0.7305,0.2387,-8.8351,0.3474,Low,3.0
synthetic,9.21,9.79,10.24,80.07,-6.42,1.0,-1.08,8.97,0.7157,High,
real,24.0,5.63,18.38,50.0,15.0,3.75,14.63,25.0,0.5995,High,3.0
real,23.0,4.38,13.13,50.0,-1.0,-1.87,-5.249999999999998,-10.0,0.5095,High,3.0
synthetic_balance,34.53,5.19,8.64,76.66,0.1853,0.2069,-0.29,-4.5972,0.7023,High,2.0
synthetic,2.28,4.67,4.46,47.48,1.22,-0.29,0.18,3.72,0.3425,Low,
real,13.0,2.5,6.5,35.0,0.0,0.0,0.0,0.0,0.2963,High,4.0
synthetic,26.36,1.36,3.33,53.41,0.88,-0.8,-1.73,7.67,0.4016,Moderate,
synthetic_balance,10.6,5.39,0.52,10.44,0.8362,0.5966,-0.286,5.2972,0.2565,Low,3.0
real,27.0,8.13,15.25,80.0,0.0,0.0,0.0,0.0,0.7245,Moderate,4.0
synthetic_balance,28.26,2.75,1.5,29.4,5.0914,0.3849,0.0059,1.2492,0.3271,Low,2.0
real,31.0,6.88,18.38,85.0,0.0,0.0,0.0,0.0,0.7621,Moderate,4.0
real,23.0,5.63,10.0,40.0,-6.0,-3.12,-2.75,-30.0,0.4845,High,3.0
synthetic,14.6,8.8,8.46,16.09,-5.54,0.41,1.22,-14.38,0.5276,Moderate,
synthetic,28.02,2.21,9.25,15.94,-0.52,-0.2,-0.24,2.11,0.4628,Moderate,
real,28.0,6.88,21.5,75.0,1.0,-1.87,3.120000000000001,-15.0,0.7495,Low,4.0
synthetic_balance,11.18,2.03,1.68,74.21,-1.8919,0.1035,-0.846,-6.1064,0.3293,Low,2.0
synthetic,37.12,4.0,3.78,90.24,-0.01,-0.0,-0.17,-2.56,0.6364,Moderate,
real,32.0,6.88,21.88,65.0,15.0,3.13,9.749999999999998,0.0,0.7533,High,3.0
real,29.0,8.13,21.88,85.0,-3.0,0.6300000000000008,3.5,5.0,0.8158,High,4.0
real,10.0,1.88,6.5,25.0,0.0,0.0,0.0,0.0,0.237,High,2.0
real,9.0,1.25,6.5,25.0,0.0,0.0,0.0,0.0,0.215,Low,2.0
synthetic,34.73,2.7,5.1,4.92,-0.86,0.0,-0.04,6.71,0.4032,Moderate,
synthetic_balance,35.6,1.18,12.13,94.24,-3.6957,1.0639,-1.2688,-7.4687,0.7243,High,2.0
synthetic,30.31,6.75,10.77,96.46,-2.62,-2.53,-0.88,-9.92,0.8237,Moderate,
real,7.0,3.75,4.38,25.0,-16.0,-1.25,-11.5,-40.0,0.2438,Low,3.0
real,31.0,5.63,21.5,80.0,0.0,0.0,0.0,0.0,0.7495,High,2.0
synthetic,17.62,0.68,9.22,33.24,-1.99,0.95,0.29,-11.29,0.4023,Low,
synthetic,14.48,0.02,9.76,10.3,-2.74,-0.65,-0.2,-3.16,0.32,Low,
synthetic_balance,6.52,1.73,7.28,56.4,2.0127,-0.5017,1.29,1.2555,0.3545,Low,2.0
real,24.0,3.75,10.0,50.0,-6.0,-4.380000000000001,-8.379999999999999,-25.0,0.4688,Moderate,4.0
synthetic,8.14,5.63,1.24,29.34,1.5,-0.04,-1.77,6.1,0.2909,Low,
synthetic,24.89,2.16,11.94,9.08,1.17,0.42,-0.28,-6.45,0.4808,Moderate,
real,13.0,1.88,6.5,20.0,5.0,-3.12,-6.25,-5.0,0.2433,Moderate,3.0
real,25.0,7.5,25.0,85.0,0.0,0.0,0.0,0.0,0.8063,High,4.0
real,10.0,3.13,6.5,35.0,-21.0,-4.37,-9.38,-35.0,0.2933,Moderate,4.0
synthetic_balance,34.13,7.63,12.04,79.53,0.2583,0.2771,1.188,-4.6182,0.8569,High,2.0
real,16.0,6.25,9.63,55.0,7.0,4.37,5.880000000000001,30.0,0.4901,High,3.0
synthetic_balance,0.34,5.21,6.17,0.71,-0.179,0.426,-0.7349,-10.7662,0.2765,Low,2.0
real,15.0,5.0,9.63,65.0,0.0,0.0,0.0,0.0,0.4776,Low,2.0
synthetic,4.42,8.59,11.19,34.48,2.4,-0.5,0.5,-0.68,0.5615,Moderate,
synthetic,37.26,1.98,6.56,48.29,-3.11,0.62,0.15,-10.47,0.5396,Moderate,
synthetic_balance,24.57,3.59,3.03,13.73,-0.9916,0.1597,-1.2023,-1.6586,0.3179,Low,2.0
real,29.0,6.25,21.88,70.0,1.0,-1.25,3.5,5.0,0.7313,High,3.0
synthetic,33.69,3.69,2.47,65.89,-5.25,-0.74,-0.72,-10.89,0.5191,Moderate,
real,32.0,7.5,12.75,80.0,12.0,1.25,-3.130000000000001,35.0,0.715,Moderate,4.0
synthetic,16.52,9.14,4.94,12.59,0.13,1.7,0.31,5.26,0.4661,Moderate,
real,19.0,3.75,10.0,50.0,8.0,1.25,8.75,25.0,0.4375,High,3.0
synthetic_balance,7.01,4.48,0.38,94.42,-2.0741,-0.3124,-0.4344,-8.6027,0.4467,Low,2.0
real,19.0,4.38,13.13,40.0,8.0,1.88,3.5,15.0,0.4596,Low,4.0
real,30.0,8.13,25.0,65.0,18.0,4.380000000000001,15.37,55.0,0.8033,High,4.0
synthetic,24.62,8.49,0.67,32.01,-2.76,-0.53,-0.42,-4.45,0.4601,Moderate,
synthetic_balance,32.28,9.42,16.0,76.25,-0.8861,-0.41,0.1596,-3.3686,0.8583,Low,5.0
real,21.0,3.75,15.88,65.0,0.0,0.0,0.0,0.0,0.5463,Low,4.0
synthetic_balance,5.63,0.25,4.97,26.73,-2.5696,-0.1842,1.0332,-9.8823,0.2271,Low,3.0
real,18.0,4.38,13.13,50.0,8.0,2.5,11.88,25.0,0.4783,Low,3.0
synthetic_balance,21.18,8.45,7.5,72.22,1.8733,-0.4325,-0.5008,15.4339,0.6621,High,2.0
real,20.0,6.25,12.13,50.0,0.0,0.0,0.0,0.0,0.5276,Low,4.0
real,31.0,8.13,15.25,100.0,0.0,0.0,0.0,0.0,0.7995,Low,2.0
real,32.0,7.5,25.0,90.0,0.0,0.0,0.0,0.0,0.8625,High,4.0
synthetic,32.86,7.55,1.24,82.94,2.93,0.31,1.55,0.32,0.6271,Moderate,
real,11.0,3.13,3.75,30.0,0.0,0.0,0.0,0.0,0.2595,High,4.0
real,21.0,5.0,15.88,45.0,0.0,0.0,0.0,0.0,0.5276,High,2.0
real,23.0,3.75,15.25,65.0,0.0,0.0,0.0,0.0,0.5525,Low,2.0
real,21.0,4.38,13.13,45.0,-12.0,-2.5,-5.869999999999999,-25.0,0.4846,Moderate,3.0
synthetic_balance,32.77,7.01,11.62,65.04,-1.3394,-1.0228,1.1317,3.9042,0.7736,High,3.0
synthetic,29.13,8.62,9.82,60.0,-1.36,0.75,-0.11,5.83,0.7521,High,
synthetic_balance,5.9,0.12,3.92,41.2,-3.23,1.2681,0.3153,8.2402,0.2274,Low,3.0
synthetic,17.04,1.77,5.11,74.55,2.04,0.03,0.42,-4.17,0.4437,Moderate,
real,29.0,7.5,18.38,75.0,12.0,1.25,0.0,25.0,0.7401,High,4.0
real,27.0,8.75,15.88,75.0,0.0,0.0,0.0,0.0,0.7338,High,4.0
real,18.0,6.25,13.13,40.0,0.0,0.0,0.0,0.0,0.5001,High,4.0
synthetic_balance,21.87,0.26,4.18,21.88,-3.7026,-0.7695,-0.0613,11.6923,0.2863,Low,2.0
synthetic,10.08,5.42,0.69,14.72,1.02,0.51,-0.28,4.6,0.2498,Low,
synthetic,13.3,8.79,5.38,94.88,1.38,-0.33,-0.96,-1.11,0.652,Moderate,
real,19.0,4.38,10.0,65.0,-3.0,-0.6200000000000001,-2.75,20.0,0.4908,Moderate,4.0
real,11.0,2.5,1.25,25.0,0.0,0.0,0.0,0.0,0.2063,Moderate,2.0
real,11.0,1.25,1.25,25.0,-18.0,-7.5,-14.0,-50.0,0.175,Moderate,4.0
real,10.0,3.75,6.5,15.0,0.0,0.0,0.0,0.0,0.2588,Moderate,2.0
real,31.0,8.75,18.38,70.0,0.0,0.0,0.0,0.0,0.7713,Moderate,4.0
synthetic_balance,35.42,8.77,4.27,60.06,4.1936,2.2557,-0.7236,-2.7205,0.706,High,2.0
real,23.0,5.0,18.38,40.0,-7.0,-4.380000000000001,0.0,-20.0,0.5526,High,4.0
synthetic,12.85,9.46,11.16,61.56,2.1,0.27,-0.18,-5.13,0.7032,High,
real,19.0,5.0,10.0,70.0,0.0,0.6200000000000001,0.0,30.0,0.5188,Low,3.0
synthetic,14.05,7.15,2.91,8.95,-1.78,0.98,-1.49,-9.7,0.3496,Low,
synthetic,7.35,9.26,9.3,6.54,-2.57,0.73,-0.01,6.9,0.4876,Moderate,
real,28.0,7.5,15.88,80.0,-2.0,-1.25,0.0,5.0,0.7213,High,4.0
synthetic,25.26,4.78,1.44,45.12,4.46,-0.58,0.4,13.05,0.4203,Moderate,
real,29.0,8.75,21.5,80.0,20.0,7.5,17.75,50.0,0.815,Moderate,4.0
synthetic_balance,21.54,9.67,8.85,87.64,4.7933,-0.4505,-0.7107,-13.1465,0.7547,High,2.0
synthetic_balance,33.37,2.9,1.13,27.84,-0.7243,0.0285,-0.2909,-7.7064,0.3458,Low,2.0
synthetic,16.56,3.93,1.96,79.58,-1.28,0.37,-0.2,8.85,0.4415,Moderate,
synthetic_balance,17.27,6.26,0.83,73.05,-0.7149,1.0846,0.2737,-25.7687,0.4833,Moderate,2.0
synthetic_balance,32.83,6.96,11.9,61.96,-2.4331,-1.0999,1.382,2.2604,0.7805,High,3.0
synthetic,2.35,1.23,9.84,44.01,-4.43,0.65,0.18,4.85,0.3604,Moderate,
synthetic_balance,38.16,7.94,4.84,63.72,2.8964,-0.7695,1.1376,3.1788,0.6932,High,2.0
synthetic_balance,31.63,4.82,10.73,97.18,-0.4651,-0.1124,0.7423,2.7732,0.7639,High,2.0
synthetic_balance,24.09,4.14,10.02,94.79,-1.6197,1.1815,-0.4769,10.4415,0.6742,High,3.0
synthetic_balance,37.11,4.32,11.19,83.27,-1.6784,-0.6237,0.8657,-7.9212,0.8053,High,3.0
real,5.0,4.38,12.75,10.0,0.0,0.0,0.0,0.0,0.2933,High,2.0
real,18.0,5.63,12.75,65.0,-2.0,0.6299999999999999,0.0,25.0,0.5433,High,4.0
real,8.0,1.25,4.38,25.0,-29.0,-5.63,-20.62,-55.0,0.1876,Low,4.0
synthetic,32.67,8.88,9.13,82.47,4.3,0.57,-0.42,8.07,0.8225,High,
real,19.0,3.75,15.25,60.0,-1.0,-2.5,-0.6300000000000008,20.0,0.515,Low,3.0
synthetic,17.19,2.38,6.61,10.88,2.01,-0.13,-0.27,1.93,0.3319,Low,
real,15.0,6.25,6.88,70.0,0.0,0.0,0.0,0.0,0.4938,Moderate,2.0
synthetic,28.23,2.18,1.37,26.78,4.56,0.22,0.07,2.78,0.3264,Low,
synthetic_balance,36.0,8.43,8.29,26.63,2.8801,0.6773,-0.2958,-15.4021,0.7146,High,3.0
synthetic_balance,36.64,9.75,3.78,62.72,1.1227,0.1893,-0.3218,-12.1621,0.7022,High,2.0
synthetic_balance,29.94,8.0,10.77,96.31,0.9622,1.6236,0.9873,-0.4312,0.8627,High,2.0
real,27.0,7.5,21.5,80.0,0.0,0.0,0.0,0.0,0.7713,Moderate,4.0
synthetic_balance,26.18,4.55,10.74,92.03,0.1849,-0.1162,0.7897,1.7723,0.7611,High,2.0
synthetic,29.69,3.07,5.65,74.2,-1.08,-1.13,0.68,6.11,0.5655,Moderate,
synthetic_balance,26.36,5.81,7.94,82.75,-1.939,0.1828,-0.4919,12.7449,0.6967,High,2.0
synthetic,38.02,4.24,2.95,2.86,-1.17,0.27,0.11,-1.7,0.4121,Moderate,
synthetic_balance,38.13,4.27,11.19,85.25,-1.7772,-0.85,1.1879,-8.6984,0.7617,High,3.0
synthetic_balance,29.37,0.3,4.07,4.58,1.9794,1.3515,-0.4456,4.9726,0.2856,Low,3.0
real,31.0,7.5,15.88,70.0,11.0,1.87,2.75,20.0,0.7151,Low,3.0
synthetic_balance,37.19,8.11,7.73,77.4,-4.3078,0.2977,0.8844,-18.1883,0.7759,High,2.0
synthetic,32.94,0.9,4.97,55.9,2.3,0.09,0.44,-8.0,0.4717,Moderate,
real,27.0,8.13,18.75,70.0,0.0,0.0,0.0,0.0,0.7345,Moderate,4.0
synthetic,21.71,9.27,1.19,94.22,1.94,-0.16,0.58,5.77,0.6277,Moderate,
synthetic_balance,23.15,3.39,9.34,99.63,-0.6072,1.3604,-0.5305,8.3703,0.6761,High,3.0
synthetic,29.04,1.28,8.61,25.67,-5.27,1.09,0.31,-0.2,0.4571,Moderate,
synthetic,34.84,4.17,8.26,42.35,0.67,0.55,-0.74,-12.73,0.6,Moderate,
synthetic,8.15,4.1,1.93,20.04,-1.62,-0.37,-0.69,4.29,0.2438,Low,
real,31.0,8.75,25.0,80.0,6.0,5.62,12.87,30.0,0.8625,Moderate,4.0
real,12.0,3.13,6.88,20.0,-3.0,-1.25,-8.370000000000001,-50.0,0.2721,Low,4.0
synthetic_balance,26.7,5.45,2.42,19.83,-0.477,0.17,-0.5831,-4.6498,0.3514,Low,2.0
real,15.0,3.75,12.75,35.0,0.0,0.0,0.0,0.0,0.4025,Moderate,4.0
synthetic,36.46,8.22,11.54,52.18,-2.12,0.3,1.03,-9.1,0.8043,High,
real,33.0,7.5,15.25,75.0,0.0,0.0,0.0,0.0,0.7338,High,4.0
real,19.0,6.25,15.88,45.0,3.0,3.12,14.63,0.0,0.5463,High,4.0
synthetic_balance,19.99,1.47,6.15,36.6,-3.5353,-1.094,-0.1671,2.4452,0.389,Low,2.0
synthetic,29.9,2.47,2.96,35.22,2.65,-0.36,-0.04,-2.54,0.3984,Moderate,
synthetic_balance,10.64,0.95,3.41,5.98,0.7658,-0.7053,0.9417,-9.7295,0.1546,Low,2.0
real,21.0,5.63,12.75,70.0,0.0,0.0,0.0,0.0,0.5745,Moderate,4.0
synthetic_balance,9.29,2.51,9.94,27.97,-1.4629,-0.2009,-1.442,-3.4147,0.393,Low,3.0
synthetic_balance,2.15,5.17,6.28,0.87,-0.3875,0.4165,-0.9691,-10.898,0.2673,Low,3.0
real,9.0,3.13,7.5,25.0,-11.0,-3.12,-2.130000000000001,-10.0,0.272,High,3.0
synthetic,15.35,6.77,3.75,42.07,0.67,-0.5,0.54,-7.08,0.4485,Moderate,
real,31.0,7.5,19.0,75.0,26.0,3.12,6.25,65.0,0.7588,Moderate,3.0
real,30.0,8.13,18.75,60.0,0.0,0.0,0.0,0.0,0.7283,Moderate,4.0
synthetic_balance,38.96,9.59,3.93,57.62,3.7408,1.9206,-0.8618,-4.3554,0.7081,High,3.0
synthetic,17.91,3.83,1.39,19.22,0.82,-0.68,-1.19,0.16,0.2847,Low,
synthetic_balance,9.98,3.52,2.75,6.26,0.5681,0.3349,0.9994,-0.0363,0.2124,Low,2.0
synthetic_balance,36.42,10.0,10.93,26.88,4.6005,0.0326,0.0694,8.7809,0.7508,High,3.0
synthetic_balance,5.13,4.43,6.92,5.54,-5.8192,0.4475,0.8875,1.2257,0.3221,Low,2.0
synthetic_balance,1.32,3.67,3.41,72.61,2.0435,0.489,-1.2827,7.3712,0.3475,Low,2.0
synthetic,28.62,3.01,8.17,53.38,-0.13,-0.42,1.3,1.16,0.5577,Moderate,
synthetic,10.56,7.41,1.37,16.17,-3.49,-0.08,1.3,4.28,0.3204,Low,
real,19.0,5.0,10.0,65.0,-12.0,-2.5,-9.0,-10.0,0.5063,High,4.0
synthetic,1.28,3.64,3.05,72.01,1.56,0.44,-1.35,6.85,0.3424,Low,
real,30.0,9.38,18.38,60.0,9.0,4.380000000000001,2.4999999999999982,15.0,0.7558,Moderate,3.0
synthetic,17.87,6.5,8.17,48.87,-0.05,0.27,-0.14,2.03,0.5667,Moderate,
real,30.0,8.13,25.0,75.0,22.0,6.250000000000001,12.25,45.0,0.8283,Low,4.0
real,19.0,4.38,10.0,40.0,0.0,0.0,0.0,0.0,0.4283,Moderate,2.0
real,12.0,1.88,4.38,30.0,0.0,0.0,0.0,0.0,0.2408,High,2.0
synthetic,37.37,2.24,9.98,65.37,-3.64,-0.18,-0.05,-16.5,0.6608,Moderate,
real,26.0,8.13,15.25,75.0,17.0,5.000000000000001,7.75,50.0,0.7058,Low,4.0
synthetic,24.84,2.11,0.58,90.05,-2.65,1.1,1.22,-10.51,0.4453,Moderate,
synthetic,28.98,3.15,3.81,87.85,-0.31,0.51,-0.26,4.53,0.5587,Moderate,
synthetic,10.69,7.46,10.42,60.68,-5.21,0.28,-0.62,-5.42,0.6221,Moderate,
synthetic_balance,32.25,3.89,10.86,51.14,2.4518,0.4089,1.4595,0.0379,0.6758,High,2.0
real,9.0,1.88,12.75,10.0,0.0,0.0,0.0,0.0,0.2558,High,2.0
synthetic_balance,4.27,0.96,8.47,0.0,-5.0076,0.9199,-0.7957,-1.7916,0.2444,Low,2.0
real,8.0,5.0,10.0,5.0,0.0,0.0,0.0,0.0,0.2875,Moderate,4.0
synthetic,6.11,0.68,3.84,24.5,-2.9,0.68,-0.44,1.31,0.1966,Low,
synthetic_balance,29.29,8.88,10.77,95.13,0.9232,1.5688,0.8811,-0.1507,0.863,High,2.0
real,21.0,6.25,18.38,65.0,3.0,-0.6299999999999999,8.749999999999998,20.0,0.6338,High,4.0
synthetic,32.59,1.24,7.36,31.77,1.37,-1.37,-0.53,0.6,0.4675,Moderate,
real,32.0,6.25,21.88,65.0,2.0,0.0,0.0,-30.0,0.7376,Low,4.0
synthetic_balance,34.79,9.32,3.97,64.65,1.0688,0.2919,-0.4596,-13.2951,0.6957,High,2.0
real,13.0,3.13,9.63,30.0,5.0,1.25,0.0,-15.0,0.3308,Moderate,3.0
synthetic,38.33,9.61,6.78,6.55,3.18,1.04,0.23,6.78,0.6374,Moderate,
synthetic,21.11,8.03,7.23,66.25,2.97,-0.29,-0.38,15.93,0.6489,High,
synthetic_balance,39.91,5.43,9.71,91.79,-1.8122,-0.3924,-0.4767,4.1863,0.8295,High,2.0
synthetic,27.51,1.58,6.22,61.36,-0.94,-0.09,-0.06,20.05,0.4944,Moderate,
synthetic,39.42,1.61,11.93,62.76,4.73,-0.46,-0.23,-4.39,0.6921,Moderate,
synthetic,23.7,3.43,9.45,96.54,-1.21,1.18,-0.6,9.69,0.6721,High,
synthetic,38.15,7.8,4.63,66.13,3.25,-0.92,1.21,1.75,0.6952,High,
synthetic_balance,33.13,9.15,5.54,29.62,-4.9023,0.9377,-0.9499,6.778,0.6232,High,2.0
synthetic_balance,28.75,9.34,10.56,94.28,1.0078,1.5795,1.0485,-0.6193,0.8585,High,2.0
real,19.0,3.75,12.75,40.0,-2.0,-3.75,0.6199999999999992,-20.0,0.44,Low,3.0
real,21.0,5.63,12.13,55.0,-9.0,-3.12,-6.249999999999998,-5.0,0.5308,Low,3.0
synthetic_balance,30.44,9.04,9.36,83.53,3.763,0.5913,-0.2007,5.7916,0.8217,High,2.0
synthetic_balance,36.44,9.45,4.02,67.18,1.743,0.1849,-0.1107,-14.2694,0.7168,High,2.0
synthetic,21.84,2.24,1.71,14.88,-1.43,-0.44,-0.68,-1.39,0.2652,Low,
synthetic,15.77,5.56,7.26,15.55,2.24,-1.01,0.34,24.66,0.4278,Moderate,
real,14.0,3.13,7.5,20.0,0.0,1.25,0.6200000000000001,5.0,0.2908,Moderate,3.0
synthetic,14.9,4.66,6.11,43.87,-1.81,-0.25,0.61,-6.07,0.4465,Moderate,
synthetic_balance,10.25,10.0,11.36,78.01,-6.6471,1.061,-0.935,10.2731,0.7292,High,2.0
synthetic_balance,26.17,6.51,9.38,65.33,1.2686,-0.0792,1.7213,3.3278,0.6902,High,2.0
synthetic_balance,35.48,6.26,3.55,93.43,0.7963,-0.3114,0.5944,9.6482,0.6928,High,3.0
synthetic_balance,16.23,2.45,2.81,30.05,2.2819,-1.0978,1.46,1.7256,0.3133,Low,2.0
real,10.0,1.25,12.75,35.0,0.0,0.0,0.0,0.0,0.3087,Moderate,4.0
synthetic_balance,35.46,5.83,8.11,80.41,0.4614,0.1996,-0.4531,-5.5777,0.7077,High,2.0
real,11.0,1.88,6.88,40.0,-19.0,-5.62,-5.87,-35.0,0.2845,High,3.0
synthetic_balance,35.35,7.36,5.93,34.41,-4.4599,0.9661,0.2601,7.5861,0.6492,High,2.0
real,29.0,6.88,18.38,90.0,20.0,6.25,8.749999999999998,70.0,0.762,Low,3.0
synthetic,38.77,4.84,7.51,95.73,-0.87,-0.3,1.51,4.72,0.759,High,
synthetic_balance,19.81,3.55,2.17,13.61,1.1135,0.3727,0.3336,-0.335,0.2805,Low,2.0
real,20.0,6.25,6.88,50.0,0.0,0.0,0.0,0.0,0.4751,Low,2.0
real,11.0,2.5,9.63,25.0,-20.0,-5.630000000000001,-5.619999999999999,-75.0,0.2901,Moderate,3.0
synthetic,37.98,7.17,7.21,76.65,-3.95,0.41,0.65,-16.79,0.7585,High,
real,30.0,7.5,18.38,75.0,0.0,0.0,0.0,0.0,0.7463,Moderate,4.0
synthetic,30.73,1.55,1.01,23.71,1.81,-1.11,-0.88,2.3,0.311,Low,
synthetic_balance,35.14,9.81,9.26,48.8,2.9446,-0.8094,-1.2428,8.2883,0.7889,High,3.0
real,20.0,4.38,18.38,35.0,0.0,0.0,0.0,0.0,0.5058,Low,4.0
synthetic_balance,36.68,9.25,4.12,64.24,3.7967,2.0154,-0.8183,-4.7328,0.7098,High,3.0
real,30.0,7.5,18.75,75.0,21.0,6.25,15.0,45.0,0.75,High,4.0
synthetic,31.08,4.63,10.91,91.42,-0.2,0.01,0.65,1.84,0.7659,High,
synthetic_balance,33.79,5.04,11.45,73.78,-3.2287,-0.1896,-0.1532,-11.4109,0.7677,High,3.0
synthetic,9.44,5.63,11.1,62.09,-0.37,1.02,0.46,13.41,0.5864,Moderate,
synthetic_balance,21.02,0.32,3.72,27.04,-2.5175,-0.6133,0.065,12.6855,0.2679,Low,2.0
synthetic_balance,31.42,1.99,1.33,27.09,4.1221,-1.326,-1.1337,6.1421,0.3173,Low,2.0
synthetic_balance,20.81,7.6,11.42,73.57,-1.6247,-0.0645,-0.0089,-8.0749,0.7549,High,2.0
synthetic_balance,36.69,7.58,6.74,76.74,-3.9735,0.4872,0.7585,-17.9201,0.7519,High,3.0
synthetic,33.78,5.46,8.28,75.78,0.29,0.22,-0.39,-4.78,0.7096,High,
real,19.0,5.63,15.88,40.0,0.0,0.0,0.0,0.0,0.5183,High,2.0
synthetic_balance,9.74,10.0,10.97,80.71,-6.2421,0.9806,-1.0156,10.8402,0.7199,High,2.0
real,32.0,6.88,21.5,80.0,0.0,0.0,0.0,0.0,0.787,Low,4.0
synthetic,3.96,1.76,5.87,77.56,2.76,-0.54,-0.74,-3.96,0.3849,Low,
real,15.0,5.63,13.13,60.0,0.0,0.0,0.0,0.0,0.5158,High,4.0
synthetic_balance,31.06,8.9,8.61,44.14,0.8367,-0.1785,0.6769,6.2996,0.6948,High,2.0
synthetic_balance,28.77,9.26,10.32,85.47,-1.5039,0.1977,0.7689,20.9924,0.8209,High,3.0
synthetic_balance,26.62,6.77,7.86,90.27,-1.3625,0.2472,-0.005,13.3608,0.7025,High,3.0
synthetic_balance,11.81,9.62,9.28,90.24,4.9281,0.9533,-1.0009,-10.8793,0.7301,High,2.0
synthetic_balance,38.42,9.5,6.22,74.55,-0.052,-1.4566,-0.672,2.2565,0.7733,High,3.0
real,17.0,5.63,15.88,45.0,0.0,0.0,0.0,0.0,0.5183,Moderate,4.0
synthetic_balance,12.73,7.94,3.9,0.0,-4.0796,-0.5923,-0.4875,15.3252,0.3663,Low,2.0
synthetic,8.24,5.13,6.97,12.41,-0.76,-0.42,-0.0,16.38,0.3561,Moderate,
synthetic_balance,16.54,0.86,4.71,54.69,-3.1687,-0.2788,0.4048,6.5139,0.3659,Low,2.0
synthetic,0.66,5.52,9.77,47.08,2.93,0.94,-0.22,-10.65,0.4634,Moderate,
synthetic,21.94,4.45,1.03,47.33,-0.26,0.67,-0.25,-14.72,0.3882,Low,
synthetic,28.81,7.28,7.34,25.93,2.55,1.23,-0.56,-2.1,0.5798,Moderate,
synthetic,8.73,9.81,7.44,81.66,-1.41,-0.48,0.31,10.17,0.659,Moderate,
synthetic,0.98,4.66,10.32,5.31,0.84,-0.51,-1.55,9.05,0.3508,Low,
synthetic_balance,18.59,1.79,6.14,41.18,-4.232,-0.7959,-0.6735,3.6992,0.3978,Low,2.0
synthetic,12.38,3.91,3.61,35.0,-2.63,-0.04,0.31,-3.62,0.3378,Low,
synthetic_balance,2.63,0.69,3.88,3.59,0.2248,-0.6676,0.8396,4.4463,0.122,Low,3.0
real,11.0,1.25,7.5,15.0,-16.0,-6.25,-7.75,-60.0,0.2125,High,3.0
real,30.0,8.13,25.0,80.0,11.0,3.130000000000001,15.37,25.0,0.8408,Moderate,4.0
real,23.0,4.38,13.13,65.0,-1.0,0.6299999999999999,0.3800000000000008,25.0,0.547,High,4.0
synthetic_balance,4.86,4.2,2.13,69.41,2.063,-0.031,0.3241,2.3355,0.3597,Low,2.0
synthetic_balance,17.65,8.73,9.77,97.68,-0.7356,0.8057,-0.1115,-5.6057,0.7673,High,3.0
real,8.0,1.88,1.25,20.0,-5.0,-0.6200000000000001,0.0,-5.0,0.1595,Moderate,3.0
synthetic_balance,32.78,9.29,9.11,82.7,5.0184,0.6472,-0.5965,4.3308,0.8241,High,2.0
synthetic_balance,33.64,5.8,8.39,74.38,0.514,0.2254,-0.337,-4.9157,0.7226,High,3.0
synthetic,3.28,5.31,1.17,91.35,-2.41,0.88,-0.23,5.52,0.4061,Moderate,
synthetic_balance,10.79,1.35,9.01,56.5,-1.4961,-0.5986,-0.3948,-5.1971,0.4276,Low,3.0
synthetic,20.88,2.93,6.77,28.97,4.37,0.77,-0.87,8.93,0.4173,Moderate,
real,28.0,8.75,18.38,75.0,16.0,6.25,14.63,55.0,0.7651,Moderate,4.0
real,23.0,9.38,25.0,30.0,0.0,0.0,0.0,0.0,0.7032,Low,2.0
synthetic_balance,5.27,0.22,3.73,39.05,-3.1344,1.3245,0.2668,10.2154,0.2392,Low,2.0
real,28.0,5.63,18.38,70.0,-3.0,-1.87,-0.620000000000001,15.0,0.6746,Low,3.0
real,12.0,2.5,4.38,15.0,-11.0,-1.25,-10.87,-50.0,0.2188,Low,3.0
synthetic,21.49,1.64,3.62,89.51,2.97,-0.78,1.1,11.33,0.4743,Moderate,
synthetic_balance,18.09,3.83,13.56,47.77,-0.2207,0.082,-0.7227,3.3663,0.4445,Low,2.0
real,10.0,0.63,12.75,25.0,0.0,0.0,0.0,0.0,0.2683,High,2.0
synthetic_balance,32.82,7.8,12.58,85.99,0.7921,0.5988,0.8963,-4.9538,0.8562,High,2.0
synthetic_balance,32.66,5.98,5.58,75.13,-1.3384,-0.0177,0.9976,7.6517,0.6765,High,2.0
synthetic_balance,7.93,4.56,1.62,19.2,-1.119,-0.3624,-0.7402,5.5694,0.2224,Low,2.0
real,31.0,8.75,21.88,95.0,2.0,2.5,0.0,25.0,0.8688,High,4.0
synthetic,15.96,9.23,1.34,38.12,-2.64,0.86,-2.01,5.36,0.4537,Moderate,
synthetic_balance,5.26,2.48,9.07,7.94,-1.6742,0.4891,-0.4272,9.332,0.3021,Low,3.0
synthetic_balance,1.39,1.52,4.7,67.79,-5.1338,-0.9992,0.9141,6.1411,0.3249,Low,2.0
synthetic_balance,34.53,6.89,9.6,74.22,0.1636,0.2752,1.3552,-13.737,0.7519,High,2.0
synthetic_balance,34.88,8.93,5.92,35.58,-3.4429,0.763,0.0902,7.4972,0.6517,High,2.0
real,17.0,5.0,10.0,55.0,0.0,0.0,0.0,0.0,0.4688,High,2.0
synthetic,35.54,9.08,7.66,25.78,-4.16,-1.33,0.94,1.75,0.6732,Moderate,
synthetic,22.4,9.93,11.42,3.02,-0.39,-0.73,-0.99,-13.44,0.6337,Moderate,
synthetic,22.32,1.61,4.61,41.04,-0.49,-0.07,0.85,-11.48,0.3784,Low,
synthetic_balance,16.94,3.95,2.0,22.35,0.4875,-0.6302,-1.0619,1.3527,0.2753,Low,2.0
real,11.0,1.88,10.0,10.0,0.0,0.0,0.0,0.0,0.2408,Low,4.0
real,4.0,3.75,3.75,30.0,-28.0,-5.0,-15.0,-45.0,0.2313,Low,4.0
real,16.0,4.38,6.88,55.0,0.0,0.0,0.0,0.0,0.4158,Moderate,4.0
synthetic_balance,24.88,1.84,3.83,17.36,0.8809,-1.395,0.4628,0.1487,0.3213,Low,2.0
synthetic_balance,0.17,8.27,4.8,11.68,-2.6979,-0.7743,-1.0863,6.3486,0.3554,Low,3.0
real,30.0,7.5,12.75,75.0,0.0,0.0,0.0,0.0,0.69,Low,2.0
synthetic,29.62,6.31,6.46,43.68,-1.63,0.12,0.28,-10.02,0.5866,Moderate,
synthetic,17.22,6.16,1.02,51.25,1.63,-0.78,0.27,12.24,0.411,Moderate,
synthetic_balance,30.49,1.42,5.04,34.09,-4.2529,-1.558,0.2184,1.124,0.4536,Low,2.0
synthetic,13.1,3.84,10.05,39.19,2.86,-1.35,0.22,1.78,0.4852,Moderate,
synthetic_balance,8.37,4.12,2.44,21.37,-1.6771,-0.4041,-0.687,3.3593,0.2383,Low,2.0
synthetic_balance,14.72,0.0,5.87,26.02,0.9003,-0.6119,-1.0055,-1.3748,0.3473,Low,3.0
synthetic,19.18,7.82,6.56,33.32,2.07,0.27,-1.37,-4.94,0.5354,Moderate,
synthetic,22.8,8.81,3.54,17.96,1.85,-1.5,0.5,-12.11,0.4813,Moderate,
synthetic,5.45,7.12,3.13,98.51,2.91,0.11,0.47,-9.24,0.5236,Moderate,
real,9.0,1.25,3.75,30.0,-9.0,-3.75,-11.5,-15.0,0.2,High,3.0
synthetic,33.88,4.96,11.47,73.88,-3.39,-0.18,-0.17,-11.63,0.7594,High,
real,20.0,6.25,15.88,40.0,0.0,0.0,0.0,0.0,0.5401,Moderate,2.0
real,15.0,6.88,15.25,70.0,0.0,0.0,0.0,0.0,0.5933,Low,2.0
synthetic_balance,22.28,2.91,2.2,13.82,2.1142,0.2519,0.3602,-0.3685,0.2984,Low,2.0
synthetic_balance,8.3,4.12,1.47,23.07,-1.8943,-0.4565,-0.7288,6.1728,0.2289,Low,3.0
synthetic,37.14,1.7,0.69,93.81,-4.8,-0.59,1.32,16.29,0.5236,Moderate,
real,15.0,5.63,9.63,55.0,9.0,5.63,-0.3699999999999992,25.0,0.4683,High,3.0
synthetic_balance,29.8,4.91,8.58,82.79,2.6513,-0.0733,-0.5823,4.7994,0.6979,High,2.0
synthetic_balance,13.12,0.53,0.75,45.43,-0.4691,0.5415,-0.1547,-4.1984,0.2416,Low,2.0
synthetic_balance,7.16,0.21,3.57,20.82,-1.9202,0.5337,-0.2431,-0.6306,0.186,Low,3.0
real,21.0,5.0,15.25,40.0,-2.0,0.6200000000000001,3.119999999999999,0.0,0.5087,Moderate,4.0
real,21.0,4.38,13.13,50.0,11.0,1.25,6.250000000000001,30.0,0.4971,High,4.0
synthetic_balance,5.14,0.38,4.7,45.17,-2.685,1.1812,0.3707,12.266,0.2332,Low,2.0
synthetic,13.66,6.7,8.89,82.22,1.96,-0.01,-0.57,-2.41,0.6436,Moderate,
synthetic_balance,11.14,2.03,9.49,31.12,-0.8941,-0.1564,-1.3144,-3.812,0.3968,Low,2.0
synthetic_balance,12.63,4.39,8.12,4.93,-2.657,0.1219,-0.3491,-11.5868,0.3844,Low,2.0
synthetic,34.73,7.27,9.81,19.31,-3.57,0.49,0.41,-1.5,0.6515,Moderate,
real,20.0,5.63,9.63,50.0,0.0,0.0,0.0,0.0,0.4871,High,4.0
synthetic_balance,23.17,7.39,11.82,68.19,-1.3248,-0.1349,-0.1228,-12.5729,0.7578,High,2.0
real,7.0,2.5,3.75,20.0,-5.0,0.6200000000000001,-6.25,0.0,0.1937,Moderate,4.0
real,10.0,2.5,6.88,10.0,0.0,0.0,0.0,0.0,0.2188,Moderate,4.0
synthetic,4.3,1.13,7.86,50.78,5.17,0.6,1.27,8.62,0.3458,Moderate,
synthetic_balance,30.16,9.66,7.22,68.1,-2.4011,-0.8922,0.125,-0.3675,0.7766,High,3.0
real,20.0,4.38,9.63,40.0,0.0,0.0,0.0,0.0,0.4308,Low,4.0
real,7.0,3.13,9.63,15.0,0.0,0.0,0.0,0.0,0.2558,Low,4.0
synthetic,32.81,7.42,3.32,82.29,1.26,-0.32,-1.27,9.82,0.6655,Moderate,
synthetic,25.36,1.41,6.12,45.38,0.12,0.65,0.05,-0.4,0.4345,Moderate,
synthetic_balance,24.88,5.32,11.57,83.74,2.2394,1.2691,1.3623,-4.6543,0.7138,High,2.0
synthetic,28.82,2.61,1.71,22.01,2.67,-0.32,0.15,-7.29,0.3361,Low,
synthetic,16.89,1.22,4.8,55.82,-3.68,-0.19,0.25,7.14,0.3754,Low,
synthetic_balance,21.1,0.99,7.11,31.1,1.1821,-0.475,0.3424,-2.5853,0.3657,Low,3.0
synthetic,4.08,0.87,1.7,6.17,-4.61,-0.52,1.09,10.04,0.098,Low,
synthetic_balance,35.44,8.7,4.45,56.11,4.0918,2.0286,-0.7302,-4.1324,0.692,High,2.0
synthetic_balance,28.3,8.83,10.49,87.26,-1.4021,0.0853,1.0583,19.7807,0.8399,High,3.0
synthetic_balance,29.78,2.63,1.94,30.34,4.5263,0.3114,0.0419,1.225,0.3116,Low,2.0
real,28.0,8.13,15.25,85.0,7.0,1.8800000000000008,0.0,35.0,0.7433,High,4.0
synthetic,17.86,8.59,7.93,27.89,1.69,-0.53,0.19,-5.36,0.5613,Moderate,
synthetic_balance,30.01,7.17,16.0,91.3,20.2698,6.399,8.4909,70.2829,0.7669,Low,4.0
real,31.0,8.13,21.88,60.0,0.0,0.0,0.0,0.0,0.7658,Moderate,2.0
real,29.0,6.88,21.88,70.0,0.0,0.0,0.0,0.0,0.7471,High,4.0
synthetic_balance,5.31,0.34,5.71,23.7,-0.1172,0.8782,0.4635,3.1758,0.2593,Low,2.0
real,17.0,6.25,18.38,50.0,4.0,4.37,8.379999999999999,35.0,0.5713,High,3.0
synthetic_balance,31.42,2.31,9.0,6.41,-1.0037,-1.9308,-0.6352,-4.4287,0.4694,Low,2.0
synthetic,23.61,3.49,9.46,40.52,4.1,-1.17,-1.64,-0.45,0.533,Moderate,
synthetic,24.15,0.83,6.18,36.73,-2.69,0.08,-0.7,17.0,0.3922,Moderate,
real,15.0,5.63,18.38,45.0,-6.0,0.0,5.629999999999999,-10.0,0.5308,Low,4.0
synthetic,18.53,7.75,4.37,45.47,-1.37,-0.21,-0.49,-2.07,0.5144,Moderate,
synthetic,31.05,8.74,8.01,45.12,0.59,-0.26,0.61,7.69,0.6922,High,
real,10.0,1.88,1.25,25.0,0.0,0.0,0.0,0.0,0.1845,Moderate,2.0
synthetic,39.85,0.86,11.65,68.07,3.34,0.21,-0.73,12.43,0.6835,High,
real,13.0,3.13,7.5,30.0,4.0,0.6299999999999999,0.6200000000000001,-5.0,0.3095,Low,3.0
synthetic_balance,21.36,7.97,11.83,74.34,-1.9975,0.1366,0.0872,-8.3199,0.7623,High,2.0
synthetic,21.42,4.33,4.46,67.36,2.78,-0.08,-0.61,3.16,0.5034,Moderate,
synthetic,0.72,5.26,6.16,1.22,-0.53,0.39,-0.97,-11.0,0.2672,Low,
synthetic,23.86,7.96,3.46,70.55,1.24,0.72,1.2,8.93,0.5967,Moderate,
synthetic_balance,32.09,7.88,11.8,62.02,-0.6822,-1.0368,1.2036,2.1393,0.7732,High,2.0
synthetic,12.38,4.56,7.72,9.2,0.72,0.68,1.29,-6.47,0.3752,Moderate,
synthetic_balance,35.96,5.24,11.97,94.49,-3.5049,1.321,0.341,1.7263,0.8289,High,2.0
synthetic_balance,36.54,6.47,3.75,97.79,-0.6994,-0.2195,0.8905,9.7183,0.7027,High,2.0
real,10.0,3.13,7.5,20.0,-5.0,0.6299999999999999,0.0,0.0,0.2658,Moderate,3.0
synthetic,1.38,7.7,4.14,60.27,0.23,-0.8,-1.07,4.9,0.4381,Moderate,
real,17.0,4.38,12.75,50.0,2.0,-1.87,5.87,-20.0,0.4683,Low,3.0
synthetic_balance,40.0,8.17,8.5,58.77,1.5359,-0.7935,-0.9481,1.7474,0.7695,High,2.0
synthetic_balance,34.9,9.22,9.02,88.97,4.7429,0.5699,-0.4544,6.902,0.8157,High,3.0
synthetic_balance,39.04,2.54,2.72,11.56,1.8812,1.134,0.7068,-22.1852,0.3976,Moderate,2.0
synthetic_balance,36.55,5.76,9.57,69.82,-0.9237,0.0788,1.5394,-14.1634,0.7553,High,3.0
synthetic,36.94,5.73,2.03,37.65,-2.39,0.16,-0.02,10.87,0.5104,Moderate,
synthetic,20.29,7.4,9.35,14.86,3.33,0.04,0.11,-4.61,0.5439,Moderate,
synthetic,38.1,3.82,9.23,90.05,-3.1,-0.24,-1.05,-14.9,0.7511,Moderate,
real,25.0,8.13,19.0,70.0,0.0,0.0,0.0,0.0,0.7245,Moderate,2.0
real,30.0,6.88,19.0,70.0,3.0,0.0,3.119999999999999,-25.0,0.7245,High,3.0
synthetic,33.71,2.31,10.91,75.08,4.59,-0.34,0.42,11.67,0.6835,High,
real,16.0,3.13,6.88,35.0,1.0,-1.87,0.0,-15.0,0.3346,Low,3.0
synthetic_balance,27.34,5.92,9.25,67.57,1.0435,-0.106,1.6394,2.7432,0.6974,High,2.0
real,12.0,1.88,10.0,20.0,-3.0,-5.0,-5.25,-50.0,0.272,Low,3.0
synthetic,33.24,8.78,1.7,54.45,-1.56,-0.2,0.66,11.34,0.5987,Moderate,
synthetic_balance,37.79,9.29,6.47,23.54,1.1013,0.1905,1.1891,-0.7528,0.6485,High,2.0
synthetic,34.99,1.93,3.25,48.46,-5.26,1.37,1.02,-10.54,0.4556,Moderate,
synthetic_balance,4.71,2.06,7.77,6.89,-5.1399,1.0568,-0.5032,-4.2356,0.2691,Low,3.0
real,8.0,1.88,9.63,45.0,0.0,0.0,0.0,0.0,0.3058,Low,2.0
synthetic_balance,0.0,8.14,0.28,36.45,4.0164,-0.3845,0.2674,0.1164,0.2764,Low,2.0
real,11.0,1.88,10.0,20.0,-23.0,-5.0,-8.379999999999999,-60.0,0.2658,Moderate,3.0
synthetic,36.17,2.76,1.52,69.08,-1.42,1.04,1.65,0.24,0.4996,Moderate,
synthetic_balance,40.0,9.58,4.43,35.18,-0.5339,0.4245,0.0518,3.4162,0.6848,High,2.0
synthetic,31.86,4.39,6.81,2.34,0.42,1.51,-0.35,1.88,0.4566,Moderate,
synthetic,11.53,1.09,10.89,7.74,0.9,-0.06,1.22,1.16,0.3456,Low,
real,25.0,6.25,21.88,75.0,0.0,0.0,0.0,0.0,0.7188,Moderate,4.0
real,31.0,8.13,25.0,90.0,0.0,0.0,0.0,0.0,0.872,Low,4.0
synthetic_balance,34.75,4.86,11.38,69.52,-4.1237,-0.2034,-0.0202,-12.6207,0.7583,High,2.0
synthetic_balance,37.06,10.0,7.01,21.29,1.4424,0.3553,1.2398,5.0317,0.6571,High,2.0
real,21.0,5.0,10.0,70.0,-2.0,0.6200000000000001,-5.880000000000001,15.0,0.5313,Low,3.0
synthetic,15.47,6.02,9.48,2.11,0.45,-0.16,1.23,-7.02,0.45,Moderate,
synthetic,22.99,9.95,5.04,32.73,3.0,0.37,0.08,10.47,0.5792,Moderate,
real,21.0,5.63,12.13,55.0,0.0,0.0,0.0,0.0,0.5308,High,2.0
synthetic,8.41,3.72,6.79,89.95,-0.52,-0.09,-0.03,-12.06,0.5119,Moderate,
synthetic,6.15,3.8,5.8,28.29,0.73,0.78,0.05,-0.37,0.3249,Low,
synthetic,28.41,3.12,6.9,55.37,0.11,-0.44,1.25,-1.45,0.5377,Moderate,
synthetic,13.21,8.28,11.76,45.74,-0.32,0.14,-1.12,-7.63,0.6491,Moderate,
synthetic,35.59,3.13,7.69,86.88,0.75,0.8,-0.07,0.03,0.6781,High,
real,21.0,5.0,12.13,55.0,-8.0,-2.5,-12.87,-10.0,0.5151,Moderate,4.0
synthetic_balance,38.69,5.63,8.94,85.74,-4.0713,-0.0057,-0.4855,3.1494,0.7848,High,2.0
synthetic,8.44,2.88,11.88,44.4,-1.17,0.34,-1.69,21.38,0.4833,Moderate,
synthetic,22.19,2.44,9.24,27.76,-4.22,-2.2,0.23,15.15,0.4617,Moderate,
synthetic_balance,39.46,4.34,10.98,84.44,-1.9884,-0.4317,1.1267,-10.2496,0.7622,High,2.0
synthetic,1.57,5.64,2.81,84.43,2.22,0.87,-1.37,3.06,0.4202,Moderate,
real,12.0,1.25,6.88,30.0,-5.0,-3.13,-5.87,-20.0,0.2501,High,4.0
real,21.0,6.25,12.13,50.0,-2.0,1.87,0.0,-10.0,0.5338,High,3.0
synthetic,3.45,9.41,5.87,82.89,3.7,-0.39,-1.18,-8.35,0.5862,Moderate,
synthetic,32.95,4.25,4.31,51.37,4.43,0.28,-0.46,4.98,0.5305,Moderate,
real,18.0,4.38,12.13,75.0,0.0,0.0,0.0,0.0,0.5308,High,2.0
synthetic_balance,40.0,6.07,10.32,100.0,-0.8469,-0.1795,-0.4651,4.2094,0.8457,High,3.0
real,29.0,7.5,21.88,75.0,0.0,0.0,0.0,0.0,0.7751,High,2.0
real,21.0,4.38,9.63,50.0,15.0,2.5,2.130000000000001,15.0,0.4621,Moderate,4.0
real,30.0,7.5,15.25,75.0,15.0,1.87,5.619999999999999,20.0,0.715,Moderate,4.0
synthetic,12.43,7.16,3.48,15.97,-2.65,0.09,-0.29,7.45,0.3691,Low,
synthetic,23.82,7.19,6.17,21.65,-1.7,1.56,0.76,7.52,0.5114,Moderate,
synthetic_balance,29.93,4.18,9.63,78.33,3.1943,-0.3071,-0.7434,6.3607,0.6907,High,3.0
synthetic,13.34,5.88,4.74,99.9,1.0,0.05,-0.24,7.95,0.5789,Moderate,
synthetic,10.51,7.81,1.68,47.13,4.45,0.66,0.04,-5.76,0.4137,Moderate,
synthetic,30.6,2.58,8.9,11.5,-0.85,-1.99,-0.67,-3.47,0.4702,Low,
synthetic,18.65,5.73,1.26,99.85,4.06,1.02,-1.08,-12.47,0.5358,Moderate,
synthetic_balance,24.69,6.17,3.29,4.93,0.0043,-0.122,-0.0927,-0.0772,0.4244,Low,2.0
synthetic_balance,17.82,8.18,9.43,98.18,-0.8783,0.7096,-0.4547,-9.8724,0.7659,High,3.0
real,19.0,5.63,15.88,50.0,0.0,0.0,0.0,0.0,0.5433,Low,4.0
synthetic,8.8,3.74,4.9,39.68,2.6,-0.25,-0.45,-1.95,0.3498,Low,
synthetic_balance,3.13,5.31,4.42,44.35,1.2329,-0.3618,0.2462,3.5487,0.3429,Low,3.0
synthetic,20.8,8.15,4.77,69.23,-1.93,-0.41,-0.17,8.25,0.6062,Moderate,
real,29.0,8.13,21.88,80.0,0.0,0.0,0.0,0.0,0.8033,Low,4.0
synthetic_balance,20.0,8.02,6.72,66.22,3.9605,-0.2691,-0.4025,16.4819,0.6404,High,2.0
synthetic_balance,6.65,4.36,1.89,17.74,-1.7773,-0.3326,-0.6394,5.4818,0.2389,Low,2.0
synthetic_balance,4.48,4.38,1.95,27.93,-1.7807,-0.2721,-0.5723,3.9586,0.2416,Low,2.0
synthetic,23.46,5.25,11.68,82.25,3.19,1.23,1.31,-7.1,0.7268,High,
real,7.0,3.75,12.75,15.0,-24.0,-4.380000000000001,-8.75,-55.0,0.3025,High,3.0
synthetic_balance,38.5,9.78,4.88,41.34,-0.0924,0.2202,0.4823,2.2809,0.6934,High,2.0
real,14.0,1.88,6.88,15.0,0.0,0.0,0.0,0.0,0.2408,Low,2.0
synthetic_balance,30.85,7.81,11.92,62.39,-1.5901,-0.9428,1.2135,4.7651,0.7785,High,2.0
synthetic,24.23,4.29,6.52,91.67,-0.77,0.31,0.5,5.18,0.6238,Moderate,
synthetic_balance,31.53,4.64,10.94,88.6,-0.3318,0.1568,0.6955,1.1523,0.7767,High,2.0
synthetic_balance,11.01,0.1,1.55,43.97,-0.7667,0.5776,-0.7116,-1.1957,0.218,Low,3.0
synthetic_balance,33.67,5.25,11.37,75.08,-2.5929,-0.257,-0.2381,-11.481,0.751,High,3.0
synthetic_balance,33.62,3.25,7.14,87.33,1.0382,0.7396,-0.2615,-1.2304,0.6746,High,3.0
synthetic_balance,38.6,8.33,4.68,64.91,2.8588,-0.9441,1.2344,2.6963,0.6837,High,2.0
synthetic,35.7,1.11,11.54,97.76,-3.64,1.05,-1.29,-8.66,0.7357,High,
synthetic_balance,24.38,5.03,9.36,92.28,-1.3116,-0.314,0.9002,-4.8921,0.6938,Moderate,2.0
synthetic_balance,1.44,9.51,1.28,28.14,-3.6487,0.6469,1.0086,-2.0407,0.3395,Low,2.0
synthetic,18.41,1.29,6.95,89.95,-0.17,-0.92,-0.46,10.06,0.5168,Moderate,
synthetic_balance,0.98,1.18,11.24,32.64,0.6906,0.9102,0.603,-8.785,0.3444,Low,3.0
synthetic_balance,24.41,3.5,9.4,95.18,-0.4025,1.123,-0.6358,6.7474,0.6796,High,3.0
synthetic,35.04,4.57,5.28,41.14,-1.11,1.15,0.17,-0.65,0.5461,Moderate,
real,8.0,2.5,4.38,10.0,0.0,0.0,0.0,0.0,0.1813,Low,2.0
real,23.0,4.38,12.13,40.0,-10.0,-4.37,-9.37,-30.0,0.4746,Moderate,3.0
synthetic,32.63,8.96,10.63,65.81,2.19,-0.53,1.05,-4.86,0.8139,High,
real,10.0,2.5,12.75,30.0,-20.0,-5.630000000000001,-9.13,-50.0,0.3275,Low,3.0
synthetic,24.71,6.49,7.73,89.08,-1.81,0.26,-0.22,12.68,0.7003,High,
synthetic_balance,37.61,8.53,4.73,70.0,3.1327,-0.7718,1.076,2.9105,0.6974,High,2.0
real,34.0,6.88,18.38,80.0,0.0,0.0,0.0,0.0,0.7683,Low,2.0
synthetic,1.14,8.79,1.45,65.72,-2.13,-0.42,-0.18,-11.42,0.4213,Low,
synthetic_balance,36.08,1.21,11.16,100.0,-3.6968,1.0463,-1.2647,-8.4038,0.7257,High,3.0
synthetic,25.44,2.43,8.03,24.89,4.33,0.12,-1.47,-11.67,0.4495,Moderate,
real,12.0,2.5,3.75,20.0,-11.0,-6.880000000000001,-21.25,-10.0,0.225,High,3.0
synthetic_balance,7.66,3.87,2.17,76.06,0.9829,-0.4736,-0.829,-6.0833,0.3921,Low,2.0
synthetic_balance,20.74,0.4,4.52,71.53,-7.4218,1.2773,0.9985,1.8412,0.3775,Low,2.0
synthetic_balance,0.76,2.5,3.48,46.63,-0.9703,0.3436,0.8283,3.2268,0.2628,Low,2.0
real,9.0,2.5,6.88,15.0,0.0,0.0,0.0,0.0,0.2251,Low,2.0
real,31.0,8.75,12.75,75.0,0.0,2.5,-5.629999999999999,0.0,0.7275,Low,3.0
synthetic_balance,38.47,7.44,7.84,94.14,-2.1894,0.2625,-0.3356,4.3805,0.8212,High,2.0
synthetic,16.55,3.78,9.38,50.25,5.68,1.14,0.05,5.52,0.5191,Moderate,
real,31.0,8.13,25.0,60.0,8.0,3.750000000000001,11.87,10.0,0.797,High,4.0
synthetic,23.38,7.57,3.89,87.07,-1.24,0.26,0.19,-6.12,0.6342,Moderate,
synthetic,3.53,6.25,11.54,35.98,2.36,-1.61,0.25,11.7,0.5087,Moderate,
synthetic,37.07,5.4,11.1,6.87,0.73,-0.69,0.73,5.28,0.6151,Moderate,
synthetic,10.44,2.84,7.71,36.66,0.86,-0.65,-0.16,-5.38,0.3886,Moderate,
synthetic_balance,31.54,9.46,10.71,65.56,1.7153,-0.4618,1.0063,-6.3847,0.8301,High,3.0
synthetic_balance,11.15,3.71,3.71,31.61,-2.5086,-0.0102,0.3415,-4.1312,0.3327,Low,3.0
synthetic_balance,37.46,8.86,11.61,48.8,-2.1233,0.1835,0.8842,-9.6878,0.7911,High,3.0
synthetic_balance,20.07,7.31,6.79,62.11,3.4923,-0.1038,-0.417,16.6181,0.6357,High,2.0
synthetic,12.33,7.39,9.38,52.95,-3.48,-0.72,-0.08,14.14,0.5896,Moderate,
real,21.0,6.25,10.0,45.0,0.0,0.0,0.0,0.0,0.5,High,4.0
synthetic_balance,20.73,9.32,8.78,81.54,5.7168,-0.2032,-0.651,-14.2081,0.7666,High,2.0
real,27.0,7.5,10.63,80.0,0.0,0.0,0.0,0.0,0.6626,Low,2.0
synthetic,36.2,9.31,3.85,66.67,1.23,0.17,-0.41,-13.14,0.706,High,
synthetic_balance,34.53,1.49,10.15,83.25,1.6597,0.215,-0.1309,-4.438,0.6809,High,2.0
real,23.0,4.38,15.25,55.0,15.0,3.13,5.25,30.0,0.5433,High,3.0
synthetic_balance,9.61,2.17,5.21,80.92,0.3314,-0.3886,-1.3866,10.9718,0.4063,Low,2.0
synthetic_balance,22.53,2.95,1.62,21.03,1.2855,0.0503,-0.3082,-8.2845,0.3334,Low,3.0
synthetic_balance,6.67,0.97,4.83,28.83,-3.0282,-0.2649,0.7925,-11.1825,0.215,Low,3.0
synthetic_balance,1.08,2.9,4.81,43.93,1.7101,-0.1761,1.003,6.614,0.3051,Low,2.0
real,35.0,7.5,25.0,85.0,15.0,3.75,18.12,40.0,0.8688,Low,3.0
synthetic_balance,37.15,4.06,11.21,78.67,-1.9306,-0.6212,1.0581,-8.6816,0.7803,High,2.0
synthetic_balance,33.75,5.95,10.12,76.42,-0.8905,0.3153,1.4778,-15.301,0.7432,High,2.0
synthetic,35.54,9.94,1.14,25.18,0.85,-0.15,-1.73,4.11,0.5573,Moderate,
synthetic,10.23,7.75,7.56,72.36,4.78,-0.56,0.37,-6.17,0.5962,Moderate,
synthetic,22.73,0.41,2.97,53.55,4.32,-1.02,-1.04,-4.63,0.348,Low,
synthetic_balance,35.51,7.03,7.31,74.02,-4.2047,0.3606,0.5975,-15.645,0.7632,High,3.0
synthetic,14.54,5.64,9.28,1.33,2.82,0.85,-1.26,-3.4,0.4285,Moderate,
real,12.0,3.13,6.5,25.0,0.0,0.6299999999999999,-3.5,5.0,0.2808,Moderate,3.0
synthetic_balance,0.84,7.38,0.29,31.64,3.5361,-0.0725,-0.0045,-0.1853,0.2644,Low,3.0
synthetic_balance,34.37,6.41,6.95,76.13,-1.1642,-0.1555,0.9982,8.691,0.6988,High,3.0
real,29.0,8.13,18.75,80.0,0.0,0.0,0.0,0.0,0.772,Moderate,4.0
synthetic_balance,19.63,7.74,7.03,70.16,2.9142,-0.2932,-0.261,15.7195,0.6449,High,2.0
synthetic_balance,15.61,5.71,3.64,10.5,1.6754,-0.5364,-0.7123,-5.0603,0.3386,Low,2.0
synthetic,22.41,6.98,11.81,23.46,-1.11,-0.03,-0.81,-10.42,0.6192,Moderate,
synthetic,10.55,9.13,6.26,83.5,3.68,1.22,-0.88,3.42,0.6334,Moderate,
synthetic,22.44,1.6,11.14,99.47,4.71,-1.46,1.8,-5.65,0.661,Moderate,
synthetic_balance,5.56,4.19,7.15,9.12,-4.5071,0.6399,1.124,-2.6498,0.3204,Low,2.0
synthetic,1.95,8.02,5.48,15.2,-2.71,-0.98,-1.11,5.96,0.3648,Low,
synthetic_balance,22.7,3.32,9.73,95.78,-0.9573,1.091,-0.6252,9.1065,0.6696,High,3.0
real,20.0,5.63,15.88,50.0,0.0,0.0,0.0,0.0,0.5496,High,2.0
synthetic_balance,36.4,3.45,7.5,84.22,-0.0311,0.6827,-0.0081,-1.1316,0.6844,High,2.0
real,21.0,5.63,15.88,60.0,0.0,0.0,0.0,0.0,0.5808,High,2.0
synthetic,5.28,1.55,1.03,8.13,2.49,-0.42,-0.3,-6.88,0.1136,Low,
synthetic,39.83,5.45,10.13,96.07,-1.55,-0.29,-0.47,5.11,0.8364,High,
synthetic,34.01,6.04,6.49,77.64,-0.9,-0.03,0.93,9.29,0.6929,High,
synthetic_balance,28.99,2.06,1.19,23.98,2.5077,-1.0995,-0.8985,3.6803,0.3273,Low,2.0
real,24.0,5.0,6.88,70.0,0.0,-0.6299999999999999,2.5,15.0,0.5188,Low,3.0
synthetic,3.27,2.31,9.49,10.68,-1.28,0.49,-0.53,9.74,0.3027,Low,
real,12.0,2.5,12.75,20.0,-19.0,-5.630000000000001,-8.75,-60.0,0.315,Moderate,3.0
synthetic_balance,26.09,5.59,9.13,66.77,1.4023,-0.1127,1.4336,1.0083,0.6866,High,3.0
real,30.0,8.13,21.88,80.0,0.0,0.0,0.0,0.0,0.8096,Low,2.0
real,24.0,5.63,12.75,60.0,0.0,0.0,0.0,0.0,0.5682,Low,4.0
synthetic,39.11,9.78,4.94,37.2,-0.41,0.27,0.31,1.76,0.6849,High,
synthetic_balance,17.55,0.47,4.1,67.35,-6.2727,1.2884,0.358,1.1063,0.3742,Low,2.0
synthetic,0.59,4.94,5.04,36.02,-0.93,0.6,0.73,10.69,0.3222,Low,
real,31.0,6.88,15.25,95.0,0.0,0.0,0.0,0.0,0.7557,High,4.0
synthetic,25.99,6.26,0.52,78.93,0.04,0.48,-1.23,-0.68,0.5272,Moderate,
synthetic_balance,6.5,0.0,3.67,36.36,-3.2841,1.1078,0.4944,8.4743,0.2339,Low,2.0
synthetic_balance,29.86,2.75,1.94,18.81,2.563,-0.2316,0.0261,-9.0459,0.3484,Low,2.0
real,12.0,2.5,10.0,20.0,0.0,0.0,0.0,0.0,0.2875,Low,2.0
synthetic,0.15,6.52,1.16,79.63,-0.2,-0.61,-0.39,-10.29,0.3873,Low,
synthetic_balance,23.32,5.15,1.85,27.42,0.5538,0.2432,-0.1999,-2.5535,0.386,Low,2.0
real,22.0,5.0,12.75,45.0,12.0,1.25,6.25,30.0,0.5025,Moderate,3.0
real,31.0,8.75,19.0,80.0,1.0,2.5,0.25,0.0,0.8025,Low,4.0
synthetic_balance,19.64,6.43,8.9,81.83,0.4394,0.5768,-0.7407,3.8748,0.6725,High,2.0
synthetic_balance,21.32,7.94,7.11,70.88,3.2227,-0.1148,-0.2704,16.2026,0.6486,High,2.0
synthetic_balance,38.35,1.79,12.01,68.18,3.1949,0.0616,-0.7101,9.7198,0.6808,High,2.0
synthetic_balance,10.21,3.74,2.16,4.83,0.396,0.2614,1.0114,-3.0193,0.2194,Low,2.0
real,23.0,3.13,12.75,70.0,0.0,0.0,0.0,0.0,0.5245,Moderate,4.0
synthetic_balance,27.26,6.34,8.16,94.72,-1.2228,0.1178,-0.3179,12.136,0.7043,High,3.0
synthetic,10.22,2.42,1.16,74.98,-1.87,0.07,-0.7,-5.62,0.336,Low,
synthetic,31.78,7.65,5.4,30.45,-0.3,0.85,-0.45,6.66,0.5784,Moderate,
synthetic_balance,9.73,5.19,1.01,13.83,0.6027,0.314,-0.2339,3.6007,0.2459,Low,2.0
synthetic,8.76,3.67,4.21,78.41,-3.66,0.77,0.01,-2.76,0.43,Moderate,
real,23.0,4.38,15.88,55.0,0.0,0.0,0.0,0.0,0.5496,Moderate,2.0
synthetic_balance,6.11,3.31,0.95,65.24,-5.985,0.5794,-0.5623,-6.2425,0.3268,Low,2.0
real,20.0,3.13,13.13,45.0,-13.0,-5.000000000000001,-5.869999999999999,-25.0,0.4471,Moderate,4.0
synthetic,11.76,5.54,11.14,37.27,0.98,0.28,-0.46,5.98,0.5372,Moderate,
synthetic_balance,8.42,3.27,1.23,58.43,-6.4701,0.6341,-0.5307,-5.6507,0.3199,Low,2.0
real,9.0,1.88,3.75,25.0,0.0,0.0,0.0,0.0,0.2033,Moderate,2.0
synthetic,19.34,6.47,1.08,80.62,-5.32,-0.09,-0.29,2.48,0.5065,Moderate,
synthetic_balance,14.42,3.73,3.07,5.72,0.5837,0.0658,0.854,-0.5239,0.2251,Low,2.0
synthetic_balance,5.47,0.61,4.82,33.58,-1.6123,-0.2277,0.8397,-12.2354,0.254,Low,2.0
synthetic_balance,2.71,1.2,5.55,77.82,2.0825,-0.5534,-0.7959,-3.2494,0.4021,Low,2.0
synthetic,12.69,4.15,8.72,6.27,-3.47,0.08,0.02,-12.01,0.3804,Low,
real,34.0,8.13,21.88,85.0,0.0,0.0,0.0,0.0,0.8471,Low,4.0
synthetic_balance,4.0,3.63,4.95,30.43,0.9841,0.8444,-0.1135,-1.8361,0.3393,Low,2.0
synthetic_balance,19.56,0.72,4.69,71.63,-7.4267,1.3524,0.6891,0.4697,0.3796,Low,2.0
synthetic,14.06,5.73,9.69,1.13,-0.98,-1.26,-0.15,8.98,0.4359,Moderate,
real,10.0,3.13,6.5,30.0,-10.0,-3.12,-0.3799999999999999,-20.0,0.2808,Moderate,3.0
synthetic,21.14,8.25,11.77,73.95,-1.9,-0.1,0.1,-9.67,0.7685,High,
real,28.0,9.38,15.25,65.0,0.0,0.0,0.0,0.0,0.7245,Moderate,4.0
synthetic_balance,33.5,5.58,8.31,72.21,0.477,0.1959,-0.4104,-5.3262,0.718,High,2.0
real,9.0,2.5,6.88,35.0,0.0,0.0,0.0,0.0,0.2751,Low,4.0
synthetic,2.09,7.96,9.82,24.74,-3.68,-0.33,-0.07,7.39,0.4784,Moderate,
synthetic,33.82,3.48,11.16,50.39,2.51,0.36,1.51,-1.88,0.657,High,
synthetic_balance,15.37,6.77,1.96,12.53,-2.1517,1.0168,-1.4985,-9.2727,0.3534,Low,2.0
synthetic,32.46,8.18,5.08,21.18,4.49,-0.67,0.45,1.29,0.5662,Moderate,
real,10.0,1.25,3.75,15.0,-6.0,-4.38,-11.5,-35.0,0.1688,Moderate,4.0
synthetic_balance,8.08,0.51,4.98,22.38,-2.925,-0.3038,0.8022,-13.7451,0.2168,Low,2.0
synthetic_balance,35.24,8.2,16.0,66.21,0.5641,0.3573,-0.6846,-3.7988,0.813,High,3.0
synthetic,8.57,3.75,1.62,78.89,0.95,-0.42,-0.75,-4.2,0.3783,Low,
synthetic,17.4,6.24,7.23,59.91,0.53,-0.07,0.77,6.01,0.5651,Moderate,
synthetic,0.49,0.66,8.22,71.64,0.8,0.1,-0.97,-0.75,0.37,Low,
synthetic_balance,20.05,6.77,8.59,95.65,0.6057,0.7751,-0.633,6.0832,0.6832,High,2.0
synthetic_balance,40.0,9.01,8.63,50.08,0.9491,-0.5962,-1.0102,3.2568,0.7856,High,2.0
synthetic_balance,1.7,0.94,10.63,23.77,1.8505,0.4686,0.6973,-7.8934,0.3265,Low,2.0
synthetic,20.13,6.54,1.01,54.14,1.1,0.22,-0.42,-2.44,0.4458,Moderate,
synthetic_balance,34.04,8.63,5.95,39.76,-3.6716,0.5394,0.0363,7.3922,0.6443,High,2.0
real,21.0,6.88,13.13,35.0,0.0,0.0,0.0,0.0,0.5221,Moderate,2.0
synthetic,22.04,1.75,9.61,12.28,0.21,-0.51,-0.48,7.2,0.4123,Moderate,
real,20.0,3.75,12.13,50.0,0.0,0.0,0.0,0.0,0.4651,High,4.0
synthetic_balance,1.65,9.36,2.04,21.83,-4.1866,0.5584,0.9683,-3.0664,0.3337,Low,2.0
real,20.0,5.0,18.38,55.0,0.0,0.0,0.0,0.0,0.5713,Moderate,4.0
synthetic,28.67,7.67,3.13,60.74,0.04,-0.72,-0.19,9.43,0.588,Moderate,
real,33.0,6.88,15.88,70.0,0.0,0.0,0.0,0.0,0.7121,Low,4.0
real,34.0,8.13,19.0,90.0,2.0,0.6300000000000008,0.25,25.0,0.8308,High,4.0
synthetic,16.65,0.99,9.44,89.34,-3.65,0.25,0.36,-11.77,0.5488,Moderate,
synthetic,5.89,9.76,8.4,85.77,2.22,-0.21,-0.38,-7.31,0.6701,Moderate,
synthetic_balance,29.75,4.5,8.56,75.07,3.1326,-0.1634,-0.5853,5.14,0.6898,High,3.0
synthetic,13.55,6.9,4.39,47.24,1.67,-1.76,1.23,22.57,0.4668,Moderate,
synthetic,4.47,2.57,7.78,74.76,0.78,0.08,0.27,-1.5,0.4412,Moderate,
synthetic,34.48,9.87,6.42,95.08,1.1,-0.11,0.63,4.98,0.8336,High,
synthetic,33.06,8.27,11.89,80.51,0.57,0.4,1.01,-5.1,0.8623,High,
real,30.0,5.63,18.75,95.0,0.0,0.0,0.0,0.0,0.7533,Moderate,2.0
real,8.0,3.13,7.5,20.0,0.0,0.0,0.0,0.0,0.2532,Low,4.0
synthetic_balance,4.38,5.05,6.82,12.88,-5.3009,0.6839,1.1816,-1.5175,0.3155,Low,2.0
real,37.0,6.88,25.0,80.0,17.0,1.25,15.0,30.0,0.8533,Low,3.0
synthetic_balance,0.0,2.87,5.51,47.83,0.8438,0.0085,0.9382,4.9103,0.2947,Low,2.0
synthetic,8.33,4.83,5.81,69.12,-3.21,-0.1,-1.3,-1.49,0.4667,Low,
synthetic,9.53,5.14,0.79,95.0,-1.88,-0.4,-0.42,-7.83,0.4419,Low,
real,22.0,5.0,6.88,40.0,0.0,0.0,0.0,0.0,0.4313,Moderate,4.0
synthetic,27.88,0.9,11.48,98.86,2.16,-0.15,-0.62,11.53,0.6832,Moderate,
synthetic_balance,33.08,4.35,10.96,70.89,-3.7591,-0.2357,-0.2673,-12.4119,0.7644,High,3.0
real,17.0,5.0,13.13,35.0,9.0,3.12,8.75,15.0,0.4501,High,4.0
synthetic_balance,21.98,5.33,11.66,79.12,3.1166,1.2774,1.3003,-5.6452,0.7166,High,2.0
real,17.0,3.75,12.13,65.0,0.0,0.0,0.0,0.0,0.4838,High,2.0
synthetic_balance,1.2,3.76,2.89,69.06,1.2733,0.4785,-1.453,5.5029,0.3279,Low,2.0
synthetic_balance,18.07,2.01,7.27,0.0,1.0383,-0.2313,0.61,-6.03,0.3134,Low,3.0
synthetic,20.96,4.67,0.79,89.2,-1.02,-0.21,-1.19,2.08,0.4872,Moderate,
real,30.0,6.25,21.88,95.0,20.0,4.37,15.38,70.0,0.8,High,3.0
synthetic,6.01,9.66,8.99,43.49,1.75,0.09,0.17,-1.2,0.5751,Moderate,
synthetic,23.46,4.81,10.87,41.34,2.9,1.58,-0.68,-20.79,0.5967,Moderate,
real,8.0,1.88,3.75,10.0,-23.0,-6.87,-9.0,-65.0,0.1595,High,4.0
synthetic_balance,39.42,8.87,6.21,74.69,-0.7282,-1.0663,-0.3811,-0.9343,0.7621,High,3.0
real,16.0,3.13,1.25,45.0,8.0,0.6299999999999999,-3.13,35.0,0.3033,Moderate,3.0
real,32.0,7.5,18.75,65.0,8.0,3.12,6.0,15.0,0.7375,High,3.0
synthetic,28.59,2.68,5.22,88.28,-5.77,0.49,-0.16,10.42,0.5752,Moderate,
synthetic,12.28,7.23,5.67,28.77,-1.5,0.7,0.56,-4.63,0.4475,Moderate,
synthetic,32.36,3.8,4.23,79.39,-5.29,0.22,-1.13,-9.36,0.584,Moderate,
real,10.0,1.88,1.25,30.0,0.0,0.0,0.0,0.0,0.197,High,2.0
synthetic_balance,13.2,8.78,11.13,60.82,2.4072,0.4805,-0.3343,-7.3797,0.7015,High,2.0
synthetic_balance,40.0,5.21,9.97,95.09,-2.1653,-0.2121,-0.5143,5.5293,0.8363,High,2.0
synthetic,4.18,5.4,5.49,11.43,-0.13,0.7,0.53,3.88,0.304,Low,
synthetic,7.27,3.57,10.73,56.31,2.08,-0.53,0.72,-12.76,0.4992,Moderate,
real,21.0,3.75,18.38,50.0,0.0,0.0,0.0,0.0,0.5338,High,4.0
real,31.0,6.88,25.0,75.0,7.0,1.25,6.620000000000001,25.0,0.8033,Moderate,4.0
real,20.0,5.63,13.13,50.0,0.0,0.0,0.0,0.0,0.5221,High,2.0
synthetic_balance,32.51,3.71,1.88,27.51,1.1296,-0.0278,-0.928,-3.9692,0.3801,Low,2.0
real,13.0,0.63,3.75,20.0,0.0,0.0,0.0,0.0,0.1845,High,4.0
synthetic_balance,9.02,0.6,3.01,2.9,-0.1488,-0.6156,0.6577,-11.1943,0.1645,Low,3.0
real,13.0,1.88,4.38,30.0,-11.0,-6.87,-20.62,-40.0,0.2471,Low,4.0
synthetic,13.72,2.49,0.84,53.33,0.93,-1.82,1.49,-1.87,0.2987,Low,
synthetic_balance,15.15,0.0,9.17,13.35,-2.5759,-0.6006,-0.1139,-3.4963,0.3242,Low,2.0
synthetic_balance,34.06,9.32,4.6,56.01,4.7551,2.1246,-0.5616,-4.4726,0.6978,High,2.0
real,33.0,6.88,15.25,80.0,0.0,0.0,0.0,0.0,0.7308,Low,4.0
synthetic,11.12,0.48,1.28,51.42,0.32,0.42,0.04,-8.02,0.2367,Low,
real,21.0,5.63,12.75,55.0,3.0,0.6299999999999999,-0.3800000000000008,25.0,0.537,Moderate,3.0
real,24.0,6.25,18.38,60.0,0.0,0.0,0.0,0.0,0.6401,Moderate,2.0
synthetic,18.29,5.65,2.7,86.06,-5.34,-0.35,-0.81,8.03,0.5271,Moderate,
synthetic_balance,39.43,9.1,8.74,55.12,1.9195,-0.5936,-0.846,1.6172,0.7758,High,2.0
real,20.0,6.25,9.63,35.0,0.0,0.0,0.0,0.0,0.4651,Low,2.0
synthetic_balance,21.29,1.93,4.89,38.38,-4.0696,-0.992,0.0155,4.0087,0.359,Low,2.0
real,13.0,1.88,6.5,20.0,0.0,0.0,0.0,0.0,0.2433,Moderate,4.0
synthetic,19.36,9.68,1.52,89.9,0.94,-0.41,0.65,5.82,0.6195,Moderate,
real,22.0,6.88,15.88,55.0,13.0,5.0,9.38,25.0,0.6058,Moderate,4.0
real,17.0,6.25,18.38,55.0,-11.0,-2.5,-0.620000000000001,-30.0,0.5838,Moderate,3.0
synthetic_balance,19.08,3.76,1.77,17.62,0.4932,-0.6511,-0.9537,-0.0847,0.2665,Low,2.0
synthetic_balance,19.35,2.3,5.67,41.78,-3.7516,-0.6943,-0.6274,1.6745,0.407,Low,2.0
synthetic,3.53,6.01,10.8,95.34,-0.8,0.3,0.49,-6.74,0.6356,Moderate,
synthetic,8.97,5.35,0.71,33.26,4.0,-0.2,-1.23,4.21,0.2878,Low,
real,22.0,6.25,7.5,70.0,0.0,0.0,0.0,0.0,0.5438,High,2.0
real,20.0,4.38,15.88,35.0,0.0,0.0,0.0,0.0,0.4808,Moderate,2.0
synthetic,29.66,2.88,7.41,64.57,-2.13,-0.13,0.25,2.86,0.5733,Moderate,
real,11.0,2.5,7.5,25.0,0.0,0.0,0.0,0.0,0.2688,Low,4.0
synthetic_balance,17.3,4.89,3.44,9.73,0.342,-1.2521,-0.9045,-4.5266,0.3018,Low,2.0
synthetic,6.53,7.31,11.78,68.92,-1.16,0.25,0.32,11.05,0.6412,Moderate,
synthetic,8.01,5.7,4.17,40.47,-0.61,0.73,0.16,11.8,0.3806,Moderate,
real,26.0,8.13,19.0,65.0,15.0,6.250000000000001,12.12,25.0,0.7182,High,4.0
synthetic,29.46,9.15,6.35,24.76,-3.34,1.15,0.95,-12.37,0.607,Moderate,
synthetic,5.63,7.3,0.82,63.65,-3.01,-0.63,-0.3,3.39,0.3939,Low,
synthetic_balance,31.99,3.16,11.4,48.23,2.4985,0.4097,1.6016,-2.9349,0.6604,High,2.0
synthetic,3.87,4.18,11.74,32.25,3.25,0.02,-0.76,-10.49,0.4539,Moderate,
real,11.0,1.25,3.75,25.0,-17.0,-8.13,-12.13,-55.0,0.2,Moderate,4.0
synthetic,39.72,8.54,8.81,55.06,1.51,-0.77,-1.0,2.68,0.7829,High,
real,30.0,7.5,21.88,75.0,6.0,3.75,9.749999999999998,40.0,0.7813,Moderate,4.0
synthetic,26.04,4.26,2.02,68.03,-5.86,-0.61,0.08,-1.11,0.4813,Moderate,
synthetic_balance,35.59,4.73,9.25,73.38,-2.1195,-0.8335,-0.0259,1.1306,0.732,High,2.0
synthetic_balance,5.0,0.94,8.25,6.35,-5.1258,1.0397,-0.5055,-2.9472,0.2591,Low,2.0
synthetic_balance,17.21,0.72,6.52,22.22,1.0347,0.2275,0.1309,6.6932,0.3294,Low,3.0
synthetic,32.71,2.73,8.2,73.05,-0.82,-0.59,-0.25,-7.85,0.6261,Moderate,
synthetic_balance,18.58,8.67,9.85,100.0,-1.5578,0.7244,-0.3004,-6.3692,0.7654,High,2.0
real,24.0,3.75,18.38,55.0,10.0,1.87,5.629999999999999,25.0,0.5651,Moderate,3.0
synthetic_balance,22.23,9.34,10.58,100.0,3.3576,0.6074,0.2727,3.7835,0.8476,High,3.0
real,29.0,8.75,18.38,70.0,0.0,0.0,0.0,0.0,0.7588,Low,2.0
synthetic,11.34,2.77,11.94,30.93,-2.67,-0.73,-0.18,1.2,0.4662,Moderate,
synthetic_balance,31.58,4.22,11.26,96.76,-0.1685,-0.0645,0.6331,0.9162,0.7813,High,2.0
real,30.0,9.38,18.75,80.0,15.0,4.380000000000001,2.869999999999999,30.0,0.8095,Low,4.0
real,33.0,8.13,25.0,85.0,0.0,0.0,0.0,0.0,0.872,Low,4.0
synthetic,24.88,2.02,1.76,33.83,-0.94,-2.45,-0.52,4.69,0.3272,Low,
synthetic_balance,26.87,5.0,9.41,69.43,1.425,-0.1733,1.4905,3.9021,0.6797,High,2.0
synthetic,38.67,1.52,3.18,44.6,2.5,0.5,1.19,-13.38,0.4574,Moderate,
synthetic,38.59,2.21,8.82,35.78,0.58,-0.37,0.98,1.2,0.5695,Moderate,
synthetic,0.62,7.44,1.86,57.54,-1.05,1.45,-0.07,-7.83,0.3725,Moderate,
synthetic_balance,38.38,8.6,5.23,77.99,-0.0437,-1.3317,-0.4508,-1.741,0.7585,High,2.0
synthetic,14.64,7.04,4.07,80.6,-2.16,1.28,-0.02,1.18,0.5537,Moderate,
synthetic_balance,32.34,4.63,10.81,92.43,-0.5186,-0.1557,0.5974,-1.0567,0.765,High,2.0
synthetic,35.2,0.1,5.99,19.64,0.93,0.38,-0.5,-1.38,0.3965,Moderate,
real,13.0,3.75,10.0,35.0,-8.0,-1.88,-2.130000000000001,-20.0,0.3625,Low,4.0
synthetic_balance,40.0,8.01,8.71,55.27,1.2408,-0.912,-0.9598,1.3892,0.7866,High,2.0
synthetic_balance,27.45,8.4,9.54,59.51,-0.2253,0.8027,0.021,6.2316,0.752,High,2.0
synthetic_balance,26.64,2.94,1.63,19.83,2.658,-0.3256,-0.1838,-8.3737,0.3361,Low,2.0
synthetic,31.95,2.51,4.86,63.34,1.87,-0.01,-1.82,-10.3,0.5221,Moderate,
synthetic,36.23,9.59,10.76,27.67,4.64,-0.05,-0.03,7.74,0.7594,High,
synthetic,8.63,0.77,6.97,21.44,1.16,1.24,0.13,-3.8,0.272,Low,
synthetic,38.67,8.66,5.65,75.32,-0.41,-1.31,-0.58,-1.22,0.7642,High,
synthetic_balance,22.7,5.49,12.24,82.28,3.3729,1.4203,1.2552,-7.7882,0.704,High,2.0
synthetic,38.58,2.78,4.26,44.18,-3.26,0.67,-1.33,10.04,0.5097,Moderate,
synthetic_balance,28.03,8.76,11.13,96.1,0.4592,1.4707,0.9637,-0.0953,0.8671,High,2.0
real,13.0,2.5,4.38,15.0,-6.0,-1.25,-10.87,-45.0,0.2251,Moderate,4.0
synthetic_balance,33.35,8.51,8.5,87.1,3.9888,0.5239,-0.415,7.8305,0.8261,High,3.0
real,9.0,0.63,9.63,20.0,0.0,0.0,0.0,0.0,0.2183,High,2.0
real,21.0,3.75,15.25,55.0,0.0,0.0,0.0,0.0,0.515,Moderate,4.0
synthetic,14.56,8.53,1.73,62.9,2.31,0.46,1.3,4.55,0.4974,Moderate,
real,20.0,3.75,6.88,45.0,0.0,0.0,0.0,0.0,0.4,High,2.0
synthetic_balance,39.22,4.39,10.41,83.66,-1.7223,-0.5648,1.0239,-8.5307,0.7757,High,3.0
synthetic,24.12,5.14,9.8,87.2,3.23,-1.5,-1.34,-7.05,0.7014,Moderate,
synthetic_balance,2.87,5.27,5.6,9.16,-0.5661,0.6335,0.5627,4.4374,0.313,Low,2.0
real,9.0,1.88,3.75,25.0,0.0,0.0,0.0,0.0,0.2033,Moderate,2.0
synthetic,30.84,9.83,7.0,26.76,3.47,-0.58,-1.6,2.71,0.6512,Moderate,
synthetic_balance,32.02,8.73,7.92,43.06,0.3602,-0.1959,0.6839,7.9517,0.6858,High,2.0
synthetic,16.0,2.08,11.99,20.43,-3.83,-0.38,-0.19,6.74,0.453,Moderate,
synthetic,17.03,1.23,2.45,85.15,-5.27,-0.91,0.44,10.88,0.401,Moderate,
synthetic,8.61,0.74,6.72,54.96,2.46,-0.37,1.2,1.25,0.3496,Low,
synthetic_balance,18.36,3.19,3.73,26.2,2.2197,-1.3413,1.4718,1.7094,0.3089,Low,2.0
real,16.0,6.25,15.25,65.0,0.0,0.0,0.0,0.0,0.5712,Low,2.0
real,9.0,2.5,6.88,35.0,0.0,0.0,0.0,0.0,0.2751,Low,2.0
synthetic,22.92,7.18,8.23,76.98,0.03,-0.33,0.38,5.51,0.6868,High,
real,21.0,6.88,9.63,50.0,9.0,4.38,-3.119999999999999,30.0,0.5246,High,4.0
synthetic,26.65,2.57,5.85,99.71,-1.95,-0.56,-0.53,-3.03,0.6019,Moderate,
synthetic,34.42,6.08,9.62,71.52,-0.74,0.28,1.5,-13.59,0.7463,High,
synthetic_balance,38.37,2.93,7.4,85.8,0.2086,0.938,0.1437,0.1681,0.6745,High,2.0
synthetic,31.82,1.9,5.83,34.64,-3.97,-1.65,0.2,1.79,0.4544,Low,
synthetic,36.58,6.6,3.32,95.0,0.1,-0.36,0.69,9.63,0.7004,High,
real,21.0,4.38,18.38,55.0,9.0,1.25,11.88,30.0,0.562,High,4.0
real,28.0,9.38,15.88,80.0,19.0,7.500000000000001,3.130000000000001,70.0,0.7683,Low,3.0
synthetic_balance,30.29,2.3,8.45,11.83,-1.0038,-2.0451,-0.5346,-2.6918,0.4707,Low,2.0
synthetic_balance,22.8,0.97,7.09,0.0,0.7758,-0.241,0.4142,-5.6841,0.3163,Low,2.0
synthetic_balance,9.28,2.57,9.78,28.49,-1.4104,-0.2034,-1.5061,-3.4639,0.3822,Low,2.0
synthetic_balance,9.54,2.17,0.96,74.23,-2.1031,0.1444,-0.8009,-6.1819,0.332,Low,2.0
real,10.0,3.13,9.63,25.0,0.0,0.0,0.0,0.0,0.2996,High,4.0
synthetic_balance,33.61,3.26,11.47,53.77,2.4644,0.2862,1.4474,-2.6639,0.6517,High,2.0
synthetic,31.36,0.53,0.82,83.3,3.99,-0.04,0.72,-2.32,0.4345,Moderate,
synthetic,35.73,3.25,3.26,40.28,-1.32,0.05,0.42,1.05,0.4731,Moderate,
synthetic_balance,40.0,1.05,11.92,62.98,2.9333,0.3598,-0.751,12.116,0.6975,High,3.0
synthetic,12.13,3.52,2.61,4.72,0.58,0.23,0.91,-0.29,0.2299,Low,
synthetic_balance,37.35,6.97,7.51,92.48,-3.3248,0.1462,-0.3194,4.1087,0.8192,High,3.0
synthetic_balance,2.49,5.18,5.43,9.52,-0.2066,0.626,0.4719,3.8288,0.2902,Low,3.0
synthetic_balance,2.95,2.68,3.95,48.96,-0.7851,0.2554,0.6537,3.2351,0.2537,Low,3.0
synthetic,39.1,6.69,2.11,75.9,0.99,-0.24,0.86,3.72,0.6453,Moderate,
real,32.0,9.38,18.75,75.0,0.0,0.0,0.0,0.0,0.8095,Low,4.0
synthetic,35.08,5.11,9.3,76.59,-1.95,-0.98,-0.09,0.89,0.7322,High,
real,9.0,3.13,6.5,25.0,-7.0,-3.12,-8.75,-40.0,0.262,High,3.0
synthetic_balance,24.86,6.28,8.45,86.01,-1.8347,0.0866,-0.1039,12.3972,0.6937,High,2.0
synthetic,38.92,4.18,10.98,80.62,-1.71,-0.59,1.04,-10.23,0.7779,High,
synthetic,35.71,7.63,3.38,1.37,-4.94,-1.2,0.77,-4.09,0.4878,Moderate,
synthetic,30.75,9.71,7.75,72.09,-2.35,-0.79,0.13,0.08,0.7766,High,
synthetic_balance,8.15,10.0,10.22,75.56,-7.1332,1.0643,-1.0578,7.9869,0.6991,High,3.0
synthetic_balance,11.96,7.42,3.34,16.93,-1.935,0.3103,-0.4021,6.5537,0.3701,Low,3.0
synthetic_balance,9.12,5.68,1.26,29.94,1.2745,-0.2131,-1.9775,6.2254,0.2901,Low,3.0
synthetic_balance,34.22,0.91,11.63,100.0,-4.3447,0.9709,-1.4636,-9.5776,0.7383,High,3.0
real,14.0,4.38,18.38,45.0,0.0,0.0,0.0,0.0,0.4933,High,2.0
real,20.0,7.5,12.13,45.0,0.0,0.0,0.0,0.0,0.5463,Moderate,2.0
synthetic,1.9,9.03,2.01,24.24,-3.54,0.5,0.97,-1.88,0.34,Low,
synthetic_balance,11.16,0.11,7.21,50.65,2.5496,-0.2445,1.0885,0.3981,0.3477,Low,2.0
synthetic_balance,6.2,0.0,4.6,41.78,-3.856,1.1189,0.3101,10.2997,0.2186,Low,3.0
synthetic,5.98,0.25,3.94,40.13,-3.36,1.23,0.32,10.12,0.226,Low,
synthetic_balance,35.07,5.53,9.5,76.7,-2.1338,-1.0245,-0.2198,-0.3073,0.709,High,2.0
real,9.0,3.75,7.5,35.0,-6.0,0.0,6.25,0.0,0.3125,Moderate,4.0
real,26.0,6.88,25.0,85.0,0.0,0.0,0.0,0.0,0.797,High,4.0
synthetic_balance,23.77,2.95,3.11,17.95,0.5322,0.3283,-0.4998,-7.3722,0.3291,Low,3.0
synthetic,10.69,1.82,8.1,69.24,-0.59,-0.54,0.5,-4.18,0.4542,Moderate,
real,10.0,1.88,9.63,25.0,0.0,-0.6200000000000001,-3.119999999999999,-5.0,0.2683,Low,4.0
synthetic,9.27,4.22,7.03,67.42,0.56,-0.59,0.48,11.75,0.4785,Moderate,
synthetic_balance,37.13,8.79,7.66,34.01,3.2197,0.8072,-0.2989,-14.067,0.7177,High,2.0
synthetic_balance,34.48,8.74,9.48,80.84,4.1161,0.4616,-0.5832,9.4074,0.8233,High,2.0
real,19.0,6.25,9.63,65.0,0.0,0.0,0.0,0.0,0.5338,Moderate,4.0
synthetic,19.99,5.6,10.29,8.29,0.04,0.99,-0.06,3.95,0.5,Moderate,
synthetic,14.88,7.76,6.0,24.01,0.29,0.12,-0.83,-19.47,0.472,Moderate,
synthetic,16.09,2.82,3.8,24.88,2.67,-1.22,1.44,0.74,0.3122,Low,
real,30.0,8.75,15.88,75.0,-1.0,3.12,-5.619999999999999,-5.0,0.7526,High,3.0
synthetic,15.92,4.05,7.92,96.19,-1.79,0.13,-0.84,16.3,0.6063,Moderate,
synthetic,26.91,7.6,2.97,13.5,1.21,0.32,0.97,2.43,0.4537,Moderate,
synthetic,3.61,0.62,7.81,86.67,-2.99,0.12,-0.3,-1.87,0.4176,Moderate,
synthetic,30.32,8.47,1.31,63.11,-2.07,-0.65,0.6,-15.57,0.5864,Moderate,
synthetic_balance,10.57,1.1,9.14,55.81,-0.5929,-0.1713,-0.2199,-6.9816,0.428,Low,2.0
synthetic_balance,13.03,0.86,0.04,39.98,-0.4108,0.5903,-0.0159,-4.0695,0.2378,Low,2.0
synthetic_balance,2.33,2.92,5.65,42.59,1.1911,-0.0378,-0.4621,6.4572,0.3355,Low,2.0
synthetic_balance,12.89,1.04,10.28,12.74,1.0466,-0.1637,1.307,0.3475,0.3558,Low,3.0
synthetic_balance,36.76,9.45,3.21,67.32,0.9618,0.1325,-0.3517,-12.4656,0.7119,High,2.0
synthetic,27.9,2.86,6.9,90.88,2.84,-0.56,0.86,13.09,0.6166,Moderate,
real,9.0,2.5,12.75,25.0,0.0,0.0,0.0,0.0,0.3087,Low,4.0
real,31.0,8.13,21.88,75.0,0.0,0.0,0.0,0.0,0.8033,Moderate,2.0
synthetic,22.52,5.55,7.88,56.98,1.88,-0.21,-0.19,0.86,0.5863,Moderate,
real,31.0,8.13,21.5,80.0,0.0,0.0,0.0,0.0,0.812,Low,2.0
synthetic,17.61,3.33,10.19,54.1,-2.67,-1.23,-0.04,9.66,0.541,Moderate,
synthetic,14.48,0.57,5.54,50.32,7.53,-1.33,-0.3,1.56,0.3459,Low,
synthetic,35.16,0.77,10.37,2.6,4.28,-0.08,0.09,11.96,0.4615,Moderate,
real,29.0,10.0,21.5,75.0,17.0,8.120000000000001,17.12,45.0,0.8338,Low,3.0
synthetic,24.1,2.67,8.15,77.96,-2.39,-0.07,1.15,9.55,0.5822,Moderate,
real,8.0,5.0,12.75,25.0,0.0,0.0,0.0,0.0,0.365,Low,2.0
synthetic_balance,0.0,3.85,3.33,73.09,1.2478,0.6296,-1.3486,7.277,0.3485,Low,2.0
real,18.0,5.0,13.13,30.0,0.0,0.0,0.0,0.0,0.4438,Moderate,2.0
real,14.0,2.5,12.75,20.0,0.0,0.0,0.0,0.0,0.3275,High,4.0
synthetic,1.67,7.33,9.53,69.92,0.54,-0.57,0.85,-5.3,0.5671,Moderate,
synthetic_balance,9.92,5.2,1.14,26.64,0.562,-0.0663,-1.7663,7.1737,0.2984,Low,2.0
synthetic,4.61,2.13,8.12,43.45,5.65,0.65,-0.07,8.41,0.3597,Moderate,
real,32.0,8.75,25.0,60.0,14.0,4.37,12.87,-15.0,0.8188,Moderate,3.0
real,32.0,5.63,19.0,75.0,0.0,0.0,0.0,0.0,0.7183,Moderate,2.0
synthetic,16.11,5.23,10.56,27.95,-2.19,-0.1,-0.25,19.46,0.5213,Moderate,
synthetic_balance,35.74,9.85,4.62,61.74,0.4614,0.5932,0.1125,-9.4345,0.713,High,2.0
synthetic_balance,36.03,8.64,11.68,57.31,-2.136,0.1908,1.154,-8.3305,0.8116,High,2.0
synthetic,31.08,7.81,4.04,68.06,-0.61,-0.78,-1.14,3.73,0.6439,Moderate,
synthetic,17.87,8.35,9.83,97.0,-1.17,0.73,-0.29,-6.44,0.7677,High,
synthetic_balance,7.92,5.04,1.25,16.1,5.1417,0.2547,-1.2696,3.8684,0.2687,Low,3.0
synthetic,28.6,9.06,5.33,73.55,-5.56,0.05,0.85,-1.33,0.7003,Moderate,
real,19.0,6.25,15.25,35.0,-13.0,-2.5,-9.75,-25.0,0.515,Moderate,4.0
synthetic,18.92,7.05,0.98,69.17,-1.2,1.04,0.28,-27.55,0.4879,Moderate,
synthetic,1.68,2.59,3.67,45.53,-1.21,0.35,0.61,3.04,0.2655,Low,
synthetic_balance,9.21,1.27,3.53,74.61,0.1079,-0.3578,-1.1082,10.4725,0.4016,Low,2.0
synthetic,9.2,5.72,1.56,13.37,5.1,0.22,-1.1,3.53,0.2664,Low,
synthetic_balance,12.4,9.27,11.02,64.61,2.2156,0.2712,-0.1381,-5.264,0.7052,High,3.0
synthetic_balance,17.13,8.37,9.88,92.47,-1.0356,0.844,-0.4348,-7.3318,0.7808,High,3.0
real,22.0,5.0,15.25,50.0,5.0,-1.25,-3.129999999999999,-5.0,0.54,High,4.0
synthetic,35.39,1.42,10.26,86.19,1.79,0.3,-0.09,-3.37,0.6859,High,
synthetic_balance,36.56,1.09,11.32,100.0,-3.308,1.0291,-1.2212,-10.3114,0.7309,High,2.0
real,25.0,3.13,12.13,50.0,1.0,-3.75,-1.0,5.0,0.4808,High,3.0
synthetic_balance,0.0,7.86,5.62,13.06,-3.2057,-0.8365,-0.9194,5.2501,0.3742,Low,2.0
synthetic,10.02,9.62,9.32,91.66,5.04,0.86,-1.01,-10.21,0.7264,High,
real,14.0,1.25,12.75,35.0,-5.0,-2.5,0.0,-5.0,0.3338,Moderate,4.0
real,24.0,6.88,13.13,45.0,0.0,0.0,0.0,0.0,0.5658,Moderate,2.0
synthetic,6.61,5.59,2.2,80.97,-1.79,-0.4,2.2,12.82,0.4294,Moderate,
synthetic,12.72,5.95,3.43,16.01,-1.07,-0.33,-2.33,1.65,0.3398,Low,
synthetic_balance,34.63,8.03,11.97,84.94,13.7666,2.8208,-2.4985,43.5045,0.6858,Low,2.0
synthetic_balance,1.38,3.3,5.15,43.24,1.2618,0.2368,-0.4923,6.6995,0.3397,Low,2.0
synthetic_balance,13.44,0.87,11.1,29.57,-2.6359,1.1714,0.36,8.348,0.3614,Low,2.0
synthetic_balance,10.65,4.89,0.46,95.21,-2.0786,-0.4048,-0.4311,-8.9145,0.4427,Low,3.0
real,19.0,6.25,13.13,45.0,0.0,0.0,0.0,0.0,0.5188,Moderate,4.0
real,20.0,6.25,15.88,45.0,-11.0,-1.8800000000000008,3.130000000000001,-35.0,0.5526,High,3.0
synthetic,37.01,9.54,4.62,4.39,5.15,1.31,0.26,-0.9,0.5769,Moderate,
synthetic,11.55,2.45,9.76,75.32,1.87,0.23,-0.73,6.83,0.525,Moderate,
synthetic,26.94,4.04,4.16,22.04,-1.41,0.38,0.53,-3.67,0.4111,Moderate,
synthetic_balance,22.92,5.94,7.66,88.25,-1.6421,0.0809,-0.1125,14.4948,0.6919,High,3.0
real,32.0,6.88,19.0,80.0,0.0,0.0,0.0,0.0,0.762,Low,2.0
synthetic_balance,8.82,3.77,4.59,35.67,2.7975,-0.1137,-0.4293,-0.7922,0.3825,Low,2.0
synthetic,31.93,5.0,5.0,11.37,3.92,-0.26,0.38,11.78,0.457,Moderate,
real,10.0,2.5,6.5,30.0,0.0,0.0,0.0,0.0,0.265,High,2.0
real,31.0,8.13,21.5,70.0,0.0,0.0,0.0,0.0,0.787,Low,2.0
synthetic_balance,11.06,1.92,3.93,79.63,0.1406,-0.3471,-1.3854,9.3389,0.4045,Low,2.0
real,17.0,5.0,18.38,40.0,0.0,0.0,0.0,0.0,0.5151,Moderate,2.0
synthetic,16.27,6.02,0.82,56.52,1.7,0.29,0.48,-1.98,0.4106,Moderate,
real,7.0,1.88,4.38,15.0,0.0,0.0,0.0,0.0,0.1721,Moderate,4.0
synthetic_balance,36.17,8.24,6.23,36.82,-3.5513,0.8089,-0.042,8.6396,0.6529,High,2.0
real,24.0,8.75,25.0,70.0,-3.0,1.87,6.620000000000001,-10.0,0.7938,Low,3.0
synthetic_balance,22.44,7.96,6.82,65.65,3.071,-0.392,-0.5685,15.1987,0.6437,High,3.0
synthetic,36.21,3.16,1.83,56.79,0.13,1.2,0.25,-5.07,0.4854,Moderate,
synthetic,38.63,5.3,2.81,99.36,1.06,0.4,-0.34,-12.28,0.6808,Moderate,
real,18.0,5.0,15.25,45.0,0.0,0.0,0.0,0.0,0.5025,Low,2.0
synthetic,5.42,0.12,7.45,95.85,-0.73,0.58,2.37,0.81,0.4318,Moderate,
synthetic_balance,25.24,6.77,7.66,91.4,-1.9857,0.2651,-0.0735,13.34,0.712,High,2.0
synthetic,20.91,9.81,8.22,85.12,5.08,-0.31,-0.7,-12.94,0.76,High,
synthetic,34.88,5.56,7.24,11.95,-3.3,-0.11,0.15,12.89,0.5378,Moderate,
synthetic_balance,33.48,9.17,12.4,79.73,0.3097,0.4366,0.8754,-5.8115,0.8678,High,2.0
real,7.0,2.5,12.75,25.0,0.0,0.0,0.0,0.0,0.2963,Low,4.0
real,12.0,3.13,4.38,30.0,0.0,0.0,0.0,0.0,0.2721,High,4.0
real,11.0,1.88,7.5,30.0,0.0,0.0,0.0,0.0,0.2658,High,4.0
synthetic_balance,13.34,9.83,11.07,66.21,3.151,0.4515,-0.2708,-6.9411,0.6946,High,3.0
synthetic,12.95,7.62,8.15,52.23,0.69,-1.56,0.51,2.22,0.5719,Moderate,
real,23.0,7.5,18.38,60.0,0.0,0.0,0.0,0.0,0.6651,High,2.0
synthetic_balance,38.39,8.1,5.83,69.27,-0.0856,-1.5043,-0.7127,-1.0934,0.768,High,3.0
synthetic,27.19,9.14,10.38,88.45,-1.53,0.09,0.97,20.16,0.8357,High,
synthetic_balance,35.68,3.8,10.39,50.42,2.4969,0.3765,1.5261,-2.065,0.6501,High,3.0
real,30.0,7.5,21.5,75.0,9.0,1.87,5.619999999999999,15.0,0.7775,High,3.0
real,29.0,7.5,15.88,85.0,0.0,0.0,0.0,0.0,0.7401,High,4.0
synthetic_balance,9.0,6.48,6.0,5.14,1.5023,-0.0747,0.03,-6.7156,0.3646,Low,2.0
synthetic_balance,5.93,0.97,3.9,42.64,-2.593,1.193,0.3883,10.9451,0.2307,Low,2.0
synthetic,14.31,9.09,8.85,7.53,1.25,-1.44,-1.25,2.82,0.5198,Moderate,
real,17.0,5.63,6.88,65.0,0.0,0.0,0.0,0.0,0.4783,High,2.0
synthetic,4.05,0.7,3.99,4.12,-0.24,-0.77,0.91,3.21,0.1363,Low,
synthetic,4.01,4.02,4.81,79.22,1.15,-0.69,1.61,11.94,0.4238,Moderate,
synthetic,29.43,4.14,6.95,9.21,2.9,0.49,0.23,7.32,0.4552,Moderate,
synthetic,18.5,2.11,6.68,33.16,-4.34,-0.78,-0.77,2.58,0.3905,Low,
synthetic_balance,34.03,6.18,6.86,81.48,-1.1665,0.2085,0.8052,7.6255,0.6956,High,2.0
real,31.0,6.88,25.0,75.0,8.0,1.25,9.75,30.0,0.8033,Moderate,3.0
real,29.0,8.75,15.25,75.0,12.0,3.75,5.25,20.0,0.74,Low,3.0
synthetic_balance,11.3,6.82,3.7,8.6,-1.9409,0.8757,-1.5314,-11.0105,0.3543,Low,2.0
synthetic,25.85,2.3,9.99,94.28,-1.22,0.96,-0.59,-11.07,0.663,Moderate,
synthetic,27.52,4.05,4.88,31.28,-3.15,-0.14,-0.15,-13.69,0.4531,Moderate,
real,20.0,3.13,13.13,60.0,0.0,0.0,0.0,0.0,0.4846,High,4.0
synthetic_balance,5.18,2.17,10.19,8.88,-1.0924,0.4704,-0.6555,8.9857,0.2814,Low,3.0
synthetic_balance,19.93,7.65,12.2,77.05,-1.9873,-0.1016,0.2764,-11.6058,0.7697,High,3.0
synthetic,19.6,6.29,8.28,90.16,0.54,0.65,-0.59,5.22,0.6776,High,
synthetic_balance,35.31,6.18,6.23,83.3,-1.3649,-0.0672,0.9923,6.1166,0.6825,High,3.0
synthetic_balance,11.84,4.11,4.11,34.1,-3.3119,-0.1268,0.1874,-2.7548,0.3459,Low,3.0
synthetic_balance,12.79,0.02,0.97,51.16,0.1271,0.3622,0.2342,-8.9282,0.229,Low,2.0
synthetic_balance,16.25,0.52,4.1,69.92,-5.82,1.3587,0.3443,1.9679,0.373,Low,2.0
synthetic,10.98,9.8,4.15,75.93,-6.09,-1.24,-0.98,-2.87,0.5898,Moderate,
synthetic,18.4,8.98,11.08,51.07,0.44,-0.59,0.14,-5.71,0.698,Moderate,
synthetic_balance,35.47,5.61,12.17,73.09,-3.3747,-0.0124,-0.1084,-11.1565,0.7673,High,2.0
synthetic_balance,8.32,6.98,5.19,4.2,1.4181,-0.3213,-0.0223,-8.0011,0.3719,Low,2.0
real,24.0,4.38,7.5,40.0,0.0,0.0,0.0,0.0,0.4345,Moderate,2.0
synthetic,8.13,3.83,10.07,66.43,-0.94,-0.16,-0.61,-4.94,0.5224,Moderate,
synthetic_balance,24.02,6.97,16.0,51.99,1.5771,-0.2711,-0.2264,1.1031,0.6781,High,2.0
synthetic,21.34,2.79,7.98,20.89,-0.4,0.03,-0.0,-7.55,0.4216,Low,
synthetic_balance,17.82,2.63,6.55,33.73,-4.5203,-0.8164,-0.8437,2.1359,0.3964,Low,2.0
synthetic_balance,30.05,10.0,7.26,71.7,-1.9983,-0.8543,0.0816,-0.6623,0.7815,High,2.0
real,30.0,7.5,21.88,70.0,0.0,0.0,0.0,0.0,0.7688,Low,4.0
synthetic_balance,12.69,3.76,3.39,34.4,-2.5376,0.0041,0.3553,-4.7183,0.3352,Low,2.0
real,32.0,8.13,21.88,85.0,22.0,5.000000000000001,11.88,55.0,0.8346,Moderate,3.0
real,8.0,2.5,1.25,25.0,-4.0,0.0,-3.13,10.0,0.1875,High,4.0
synthetic,2.68,3.16,2.2,80.33,-0.42,0.7,1.2,13.07,0.3423,Moderate,
synthetic_balance,20.55,6.3,8.67,88.8,0.3276,0.6578,-0.5723,5.242,0.6715,High,2.0
real,30.0,6.25,18.75,80.0,12.0,2.5,6.619999999999999,30.0,0.7313,High,3.0
synthetic,37.45,9.61,2.16,92.64,-1.05,0.5,-1.45,-2.52,0.7511,High,
real,21.0,6.25,10.0,50.0,0.0,0.0,0.0,0.0,0.5125,Low,4.0
synthetic,3.62,7.64,10.6,48.43,-1.99,0.21,0.89,-8.42,0.5556,Moderate,
real,10.0,2.5,7.5,30.0,0.0,0.0,0.0,0.0,0.275,High,4.0
synthetic,20.84,4.75,1.14,90.11,1.88,1.69,-1.12,6.03,0.4983,Moderate,
synthetic,33.48,8.62,11.47,10.13,1.3,-0.02,0.27,7.23,0.689,High,
synthetic,8.67,2.91,7.61,71.59,-2.42,1.36,0.5,7.22,0.4645,Moderate,
synthetic,35.41,8.51,6.42,35.95,-3.87,0.81,0.05,7.93,0.6577,High,
real,20.0,4.38,10.0,45.0,0.0,0.0,0.0,0.0,0.447,Low,4.0
synthetic,14.45,0.14,1.73,31.58,1.65,0.4,0.13,-2.39,0.2089,Low,
synthetic,9.05,7.04,5.4,2.26,1.4,-0.24,0.0,-7.34,0.3506,Low,
real,32.0,6.25,21.5,75.0,9.0,0.6200000000000001,11.5,35.0,0.7588,Moderate,4.0
synthetic,18.12,2.07,5.06,64.82,-0.21,-0.8,0.6,10.71,0.4325,Moderate,
synthetic,22.24,9.28,10.72,97.46,3.19,0.49,0.24,5.29,0.8378,High,
synthetic_balance,21.79,8.18,7.48,60.53,3.0603,-0.1722,-0.3298,15.2078,0.6376,High,2.0
synthetic,30.35,7.82,1.57,12.99,-3.07,0.66,0.18,10.72,0.4505,Moderate,
synthetic,30.56,4.49,9.3,78.55,2.76,-0.17,-0.66,5.06,0.6933,High,
synthetic_balance,10.91,4.24,3.42,31.04,-2.4051,0.0024,0.3472,-3.9402,0.3164,Low,2.0
synthetic,36.12,5.37,2.67,59.85,-1.15,2.21,0.35,-6.94,0.5654,Moderate,
synthetic,9.52,1.75,4.05,83.13,0.73,-0.23,-1.32,10.65,0.3954,Low,
synthetic,16.89,7.97,9.41,41.28,0.29,-2.67,0.1,-9.7,0.6041,Moderate,
synthetic,33.84,6.29,9.86,3.98,1.17,-1.33,1.19,3.44,0.584,Moderate,
synthetic,22.09,4.75,3.37,43.01,3.16,0.61,-0.09,-12.63,0.4345,Moderate,
real,29.0,8.13,21.5,75.0,0.0,0.6300000000000008,8.75,5.0,0.787,Moderate,3.0
synthetic,2.1,6.87,1.89,97.85,0.64,-0.58,0.44,-14.68,0.4689,Moderate,
synthetic_balance,1.23,4.62,1.59,68.79,2.3911,0.0897,0.2518,2.4565,0.337,Low,2.0
synthetic_balance,36.43,4.77,11.69,96.48,-3.5404,1.3641,0.1209,4.0456,0.825,High,3.0
synthetic,28.16,2.63,7.48,90.12,5.38,-1.19,-0.42,-2.02,0.6229,Moderate,
real,13.0,2.5,7.5,20.0,0.0,0.0,0.0,0.0,0.2688,High,4.0
synthetic_balance,6.86,1.45,11.45,31.35,-5.6466,-1.8301,4.5578,1.9316,0.3113,Low,5.0
real,9.0,1.25,3.75,30.0,2.0,-0.6299999999999999,-2.75,-5.0,0.2,High,3.0
synthetic_balance,4.4,1.56,5.77,78.25,2.7488,-0.5462,-0.6452,-4.7907,0.391,Low,2.0
synthetic_balance,36.1,1.37,11.16,100.0,-3.699,0.9268,-1.3986,-7.6562,0.7322,High,3.0
synthetic_balance,34.74,5.97,9.88,71.6,-0.8098,0.2604,1.6539,-12.0722,0.7283,High,2.0
synthetic_balance,15.14,0.0,5.86,48.13,6.7027,-1.294,-0.4398,1.5845,0.3495,Low,2.0
synthetic_balance,8.33,5.59,1.08,34.06,1.64,-0.1466,-1.8213,5.4518,0.2826,Low,2.0
synthetic_balance,19.83,2.22,6.81,26.94,-4.3242,-0.7582,-0.7793,1.679,0.3886,Low,2.0
synthetic,32.2,7.31,11.87,60.02,-1.42,-1.1,1.19,4.43,0.7816,High,
synthetic,0.01,7.41,0.73,30.38,3.64,-0.26,0.31,-0.46,0.2764,Low,
real,28.0,8.75,19.0,85.0,0.0,0.0,0.0,0.0,0.7963,Moderate,2.0
synthetic_balance,35.37,6.5,3.36,94.47,0.1661,-0.357,0.7052,8.7245,0.6995,High,3.0
synthetic_balance,39.48,5.35,7.14,100.0,-0.3778,-0.4316,1.4458,5.8451,0.7684,High,3.0
synthetic,7.1,5.72,9.57,89.28,6.11,0.09,1.12,2.07,0.61,Moderate,
synthetic_balance,0.0,6.37,0.61,81.57,-0.0643,-0.6373,-0.4024,-9.6832,0.4081,Low,2.0
real,10.0,2.5,3.75,20.0,-1.0,1.25,-2.75,5.0,0.2125,Low,4.0
synthetic_balance,6.36,7.79,0.98,67.21,-2.7796,-0.6518,-0.305,1.7996,0.3981,Low,2.0
real,24.0,3.75,12.75,40.0,6.0,-1.25,2.75,-20.0,0.4712,Moderate,3.0
synthetic_balance,16.84,0.26,4.32,68.44,-7.5388,1.331,0.1411,0.8092,0.3641,Low,2.0
real,30.0,6.25,21.88,70.0,0.0,0.0,0.0,0.0,0.7375,Low,4.0
real,22.0,3.13,10.0,50.0,0.0,0.0,0.0,0.0,0.4408,Moderate,2.0
synthetic,22.88,3.11,2.1,21.56,0.82,0.11,-0.22,-8.19,0.3185,Low,
synthetic,18.98,3.08,6.91,90.74,6.63,-0.97,0.66,-5.83,0.5664,Moderate,
synthetic,12.87,5.81,4.46,91.29,3.47,-0.06,0.22,2.05,0.5468,Moderate,
synthetic,30.26,2.35,3.38,18.14,-0.86,-0.16,-0.89,-1.86,0.3636,Low,
real,19.0,5.0,9.63,55.0,-5.0,0.6200000000000001,2.130000000000001,15.0,0.4776,High,3.0
real,8.0,1.88,1.25,35.0,-27.0,-5.62,-23.75,-50.0,0.197,High,4.0
real,18.0,6.25,9.63,40.0,0.0,0.0,0.0,0.0,0.4651,Low,4.0
synthetic_balance,34.73,4.38,9.25,79.23,-1.3571,-0.9546,-0.0418,0.7645,0.7355,High,2.0
real,10.0,2.5,4.38,15.0,0.0,0.0,0.0,0.0,0.2063,Moderate,4.0
synthetic,1.17,1.21,4.8,73.3,-5.3,-0.92,0.59,7.75,0.3207,Low,
synthetic,3.41,4.12,2.09,70.18,2.36,0.12,0.29,2.72,0.3433,Low,
synthetic_balance,31.88,8.51,12.14,73.79,1.2541,0.4045,1.1145,-5.23,0.8744,High,2.0
real,10.0,3.13,10.0,15.0,-23.0,-3.12,-5.25,-65.0,0.2783,Low,4.0
synthetic_balance,22.9,9.33,10.86,95.22,2.6865,0.4372,0.2236,4.2039,0.8454,High,2.0
synthetic,9.18,9.01,6.2,19.89,3.58,1.8,0.48,2.08,0.4615,Moderate,
real,34.0,7.5,21.5,60.0,24.0,5.62,20.25,30.0,0.765,High,3.0
real,17.0,3.75,12.75,40.0,0.0,0.0,0.0,0.0,0.4275,Low,2.0
real,11.0,1.25,1.25,25.0,0.0,0.0,0.0,0.0,0.175,Moderate,4.0
synthetic,21.77,0.16,6.03,94.71,-2.21,0.32,0.16,-19.39,0.5022,Moderate,
real,23.0,5.63,15.88,50.0,-8.0,-1.25,-2.4999999999999982,-10.0,0.5683,High,4.0
synthetic,37.1,8.98,8.63,30.23,3.32,0.74,-0.22,-14.12,0.7117,High,
synthetic,15.44,1.47,7.43,54.05,-2.19,-0.07,0.64,-3.83,0.4232,Moderate,
synthetic_balance,19.92,7.24,7.3,67.59,2.3823,-0.3025,-0.3533,15.3288,0.6474,High,3.0
synthetic_balance,27.37,8.61,10.73,89.76,-1.6174,-0.0096,0.8544,19.9688,0.8262,High,2.0
synthetic,22.9,6.06,4.02,81.05,2.01,-1.33,0.51,-5.49,0.5809,Moderate,
real,29.0,6.88,18.75,70.0,8.0,1.88,3.5,30.0,0.7157,Moderate,4.0
synthetic_balance,11.48,7.41,2.72,0.17,-3.2099,-0.5051,-0.5374,14.0444,0.3517,Low,2.0
synthetic_balance,38.17,7.21,7.48,76.89,-4.7398,0.0986,0.6732,-15.4381,0.7583,High,3.0
synthetic_balance,37.39,6.42,3.21,94.26,-0.1858,-0.2194,0.7399,9.3759,0.6887,High,2.0
real,23.0,8.13,21.88,70.0,11.0,6.250000000000001,17.5,45.0,0.7408,Low,4.0
synthetic_balance,37.84,8.87,5.92,74.24,-0.4409,-1.3161,-0.4618,-1.538,0.7763,High,2.0
real,9.0,1.88,12.75,15.0,-3.0,-1.25,5.25,-25.0,0.2683,High,3.0
real,7.0,2.5,3.75,20.0,-17.0,-2.5,-3.13,-50.0,0.1937,Moderate,4.0
synthetic,24.79,8.68,1.99,82.71,2.16,0.59,-1.04,5.3,0.6202,Moderate,
real,18.0,5.63,6.88,50.0,0.0,0.0,0.0,0.0,0.447,Low,2.0
synthetic,15.76,8.44,8.61,57.94,1.17,0.33,0.4,-6.12,0.6338,Moderate,
real,14.0,1.88,7.5,35.0,0.0,0.0,0.0,0.0,0.297,High,4.0
real,33.0,8.13,21.88,80.0,12.0,2.500000000000001,9.749999999999998,25.0,0.8283,High,3.0
real,29.0,9.38,19.0,60.0,0.0,0.0,0.0,0.0,0.7558,Moderate,4.0
real,19.0,4.38,15.25,70.0,0.0,0.0,0.0,0.0,0.5558,High,4.0
real,8.0,1.25,12.75,30.0,-5.0,-1.88,5.25,0.0,0.2838,Low,4.0
synthetic,17.11,8.08,3.42,72.8,-2.55,1.39,-1.28,4.97,0.5622,Moderate,
synthetic,22.19,2.25,6.3,89.44,-1.78,-0.58,0.91,-9.27,0.55,Moderate,
synthetic,2.31,2.59,8.48,92.27,1.82,-0.41,-1.9,0.9,0.4865,Moderate,
real,29.0,7.5,21.5,70.0,8.0,3.12,8.37,25.0,0.7588,Low,4.0
synthetic_balance,9.0,5.79,1.41,27.95,1.6865,-0.0228,-1.8231,6.4504,0.2996,Low,2.0
real,21.0,5.0,15.25,40.0,-9.0,-2.5,-0.6300000000000008,-25.0,0.5087,High,3.0
synthetic_balance,39.46,4.95,7.27,96.16,-0.8108,-0.2313,1.4852,5.5532,0.7573,High,2.0
synthetic_balance,26.39,5.27,0.96,26.39,0.7319,0.0683,-0.1496,-2.3378,0.3917,Low,3.0
synthetic_balance,10.85,7.61,0.74,17.44,-3.3248,-0.0843,1.2263,3.2425,0.3235,Low,2.0
real,8.0,1.88,6.88,25.0,0.0,0.0,0.0,0.0,0.2283,High,4.0
synthetic,9.67,2.35,9.77,31.37,-1.11,-0.17,-1.46,-4.59,0.4012,Low,
real,12.0,1.88,6.88,30.0,-15.0,-5.0,-18.12,-45.0,0.2658,Moderate,3.0
real,34.0,8.13,25.0,65.0,0.0,0.0,0.0,0.0,0.8283,High,4.0
synthetic,5.07,9.3,4.35,9.64,-1.62,-0.64,0.67,8.75,0.3789,Low,
synthetic,28.62,7.27,1.46,9.63,-0.83,0.03,0.29,11.81,0.415,Moderate,
real,17.0,5.63,10.0,45.0,7.0,2.5,2.5,25.0,0.4595,High,4.0
real,5.0,1.25,12.75,15.0,-16.0,-3.75,2.75,-55.0,0.2275,Low,4.0
synthetic,10.47,4.75,11.06,58.58,0.55,-0.57,-0.58,-1.06,0.561,Moderate,
synthetic,17.92,5.62,10.75,1.36,-4.82,-0.31,0.72,-5.82,0.48,Moderate,
synthetic_balance,36.74,9.33,3.83,66.04,0.7675,0.124,-0.4042,-12.3131,0.7058,High,2.0
real,12.0,5.0,1.25,10.0,-16.0,-0.6299999999999999,-17.13,-60.0,0.2375,Moderate,4.0
synthetic_balance,35.73,9.51,2.45,92.45,-1.1074,0.4982,-1.3775,-4.2581,0.7414,High,2.0
real,6.0,0.0,10.0,30.0,0.0,0.0,0.0,0.0,0.2125,Moderate,2.0
real,18.0,6.25,10.0,55.0,0.0,0.0,0.0,0.0,0.5063,Low,2.0
synthetic,6.96,0.4,6.18,27.26,0.31,0.89,0.62,3.87,0.2504,Low,
real,35.0,7.5,21.88,85.0,24.0,6.25,14.38,70.0,0.8376,Moderate,4.0
real,29.0,7.5,12.75,70.0,0.0,0.0,0.0,0.0,0.6713,High,2.0
real,14.0,2.5,6.88,35.0,-7.0,-2.5,-9.0,-25.0,0.3063,Moderate,4.0
synthetic,22.72,8.2,9.9,1.14,0.16,0.77,1.39,-22.47,0.556,Moderate,
synthetic_balance,19.92,6.19,8.47,87.83,0.8126,0.7106,-0.6758,5.9221,0.6662,High,3.0
synthetic,29.67,7.3,0.65,88.15,-1.46,0.16,1.53,2.78,0.6018,Moderate,
real,7.0,2.5,9.63,25.0,0.0,0.0,0.0,0.0,0.2651,Moderate,4.0
synthetic_balance,8.51,3.82,2.1,17.89,-2.0974,-0.3493,-0.6528,3.4004,0.2366,Low,2.0
real,21.0,4.38,9.63,65.0,0.0,0.0,0.0,0.0,0.4996,Low,4.0
synthetic,27.7,8.11,5.0,9.66,-5.38,0.06,-0.03,-4.5,0.504,Moderate,
synthetic_balance,20.53,8.46,11.0,74.3,-1.6605,-0.2157,-0.0586,-8.8669,0.7743,High,2.0
real,20.0,5.63,10.0,50.0,0.0,0.0,0.0,0.0,0.4908,High,2.0
synthetic_balance,21.8,10.0,7.62,82.45,4.9843,-0.1908,-0.7652,-13.4438,0.7573,High,2.0
synthetic_balance,25.77,6.45,9.15,66.48,0.8983,0.1181,1.5255,3.733,0.6838,High,3.0
synthetic,19.34,8.53,1.93,58.47,-3.21,0.04,0.55,7.41,0.5205,Moderate,
synthetic_balance,36.43,3.26,7.71,92.22,1.2522,0.921,0.165,-1.597,0.6865,High,2.0
real,29.0,7.5,18.38,65.0,0.0,0.0,0.0,0.0,0.7151,Low,2.0
real,33.0,8.75,21.5,70.0,0.0,0.0,0.0,0.0,0.815,Moderate,2.0
synthetic,9.51,1.39,9.35,55.04,-0.44,-0.35,-0.29,-6.25,0.4265,Low,
synthetic,15.48,3.34,7.44,99.66,-3.44,-0.23,0.51,1.35,0.5845,Moderate,
synthetic,9.74,0.08,4.82,86.73,-3.96,-0.76,-1.22,14.51,0.3803,Low,
real,8.0,1.88,12.75,30.0,-7.0,-3.12,3.119999999999999,-35.0,0.2995,High,3.0
real,22.0,5.0,12.13,45.0,0.0,0.0,0.0,0.0,0.4963,Moderate,4.0
synthetic,28.64,2.47,8.44,62.66,-1.26,0.49,-0.57,5.37,0.5731,Moderate,
synthetic_balance,3.39,5.01,6.33,13.96,-4.8414,0.6136,0.962,-2.0438,0.309,Low,2.0
synthetic_balance,37.4,8.93,6.34,32.2,-3.8021,0.9625,0.1135,8.5085,0.6591,High,2.0
real,26.0,5.63,13.13,65.0,0.0,0.0,0.0,0.0,0.5971,Moderate,4.0
synthetic,23.52,2.89,3.63,9.23,-1.04,0.08,-1.13,-0.25,0.3179,Low,
synthetic_balance,12.15,8.78,11.64,61.67,2.7977,0.1905,-0.2468,-5.7515,0.7017,High,2.0
synthetic_balance,15.34,0.0,4.26,55.43,6.3868,-1.0511,-0.2245,2.1401,0.3253,Low,2.0
real,8.0,1.88,1.25,30.0,0.0,0.0,0.0,0.0,0.1845,High,2.0
real,27.0,7.5,18.38,65.0,-7.0,0.0,-3.120000000000001,5.0,0.7026,High,4.0
synthetic_balance,27.99,7.47,16.0,79.03,-0.2632,-0.0691,-0.0399,-0.965,0.7572,Low,4.0
synthetic_balance,8.68,10.0,9.99,77.28,-7.0931,0.9576,-1.008,7.0482,0.7172,High,3.0
synthetic_balance,11.58,4.63,3.54,30.94,-2.4864,0.0826,0.5536,-1.7816,0.353,Low,4.0
synthetic_balance,13.4,0.48,10.77,25.68,-2.5183,1.2402,0.1354,8.2833,0.368,Low,3.0
synthetic,11.7,1.69,8.25,49.26,1.45,-1.21,1.36,-3.19,0.4104,Moderate,
synthetic,18.98,1.52,7.58,0.55,0.83,-0.16,0.74,-5.94,0.3158,Low,
synthetic,17.56,0.1,7.7,68.18,3.73,0.31,1.59,-3.32,0.4432,Moderate,
synthetic,20.24,5.65,6.39,97.22,-5.27,1.35,-0.37,-4.77,0.6439,Moderate,
real,27.0,6.88,15.88,95.0,0.0,0.0,0.0,0.0,0.7371,High,2.0
synthetic_balance,26.47,5.87,9.64,67.25,1.0735,-0.0513,1.8221,3.6637,0.6933,High,2.0
synthetic_balance,19.32,1.65,7.38,21.96,3.8162,-0.486,0.5544,3.0013,0.3744,Low,2.0
real,21.0,7.5,15.88,50.0,8.0,5.62,9.38,30.0,0.6025,Low,4.0
synthetic,20.15,3.18,1.78,16.45,1.45,0.23,0.44,0.4,0.2835,Low,
synthetic_balance,1.79,4.22,2.18,75.3,2.2855,0.2687,0.2394,2.3022,0.3273,Low,2.0
synthetic,20.56,9.25,1.35,87.11,3.69,0.25,1.16,11.67,0.6055,Moderate,
real,16.0,0.63,7.5,25.0,-3.0,-4.37,-2.5,-45.0,0.2532,Low,4.0
real,31.0,6.88,18.38,60.0,21.0,4.38,11.88,30.0,0.6996,Moderate,3.0
real,20.0,5.0,18.38,55.0,0.0,0.0,0.0,0.0,0.5713,High,4.0
synthetic,8.57,5.86,7.57,90.32,5.69,1.83,-1.35,0.93,0.5837,Moderate,
real,10.0,3.75,6.5,30.0,-19.0,-6.25,-15.0,-45.0,0.2963,Moderate,4.0
synthetic,16.76,0.52,3.93,69.7,-6.69,1.35,0.35,-0.09,0.3739,Low,
synthetic_balance,22.74,0.32,2.4,53.22,4.1493,-1.1918,-0.9369,-2.9046,0.348,Low,2.0
synthetic,15.89,8.72,11.1,34.8,-0.69,-1.22,-1.03,7.52,0.6356,Moderate,
synthetic,7.34,2.78,4.2,91.47,1.64,-0.9,0.16,10.41,0.4316,Moderate,
synthetic,12.69,0.39,10.06,26.99,-2.44,1.13,0.17,7.93,0.3662,Low,
synthetic,28.18,2.67,4.07,46.93,-3.14,0.14,1.29,-0.18,0.445,Moderate,
real,32.0,7.5,21.5,75.0,23.0,5.62,8.75,60.0,0.79,Low,4.0
synthetic,4.69,6.49,5.81,46.27,5.73,0.7,-1.45,10.66,0.4282,Moderate,
real,28.0,7.5,18.38,65.0,0.0,0.0,0.0,0.0,0.7088,High,2.0
real,13.0,2.5,1.25,25.0,0.0,0.0,0.0,0.0,0.2188,Low,2.0
real,12.0,3.75,12.75,30.0,0.0,0.0,0.0,0.0,0.3713,High,4.0
synthetic_balance,21.33,7.24,8.54,76.55,0.3363,-0.3402,0.4362,6.2736,0.6908,High,2.0
real,21.0,6.88,13.13,50.0,9.0,5.0,6.250000000000001,20.0,0.5596,Moderate,4.0
real,29.0,7.5,15.88,85.0,12.0,1.87,9.0,20.0,0.7401,Low,3.0
synthetic_balance,38.73,9.26,5.8,37.65,-0.833,0.2097,0.3188,3.3064,0.6747,High,2.0
real,21.0,6.25,15.25,50.0,1.0,-1.25,3.119999999999999,5.0,0.565,High,3.0
real,10.0,3.75,9.63,40.0,-19.0,-3.75,-6.25,-45.0,0.3526,High,4.0
real,24.0,3.75,12.13,35.0,-7.0,-4.380000000000001,-9.749999999999998,-25.0,0.4526,High,3.0
synthetic_balance,22.17,7.19,8.29,75.33,0.0736,-0.22,0.6208,7.5296,0.6866,High,2.0
synthetic_balance,10.1,5.8,1.58,30.34,1.3137,0.0806,-1.9748,4.4542,0.3045,Low,3.0
synthetic,30.23,4.71,6.84,23.26,1.35,-0.5,-0.47,2.26,0.5071,Moderate,
real,29.0,6.25,18.75,80.0,20.0,3.12,12.25,55.0,0.725,Moderate,4.0
synthetic_balance,37.07,9.4,4.15,69.04,1.0916,0.2408,-0.5063,-13.6315,0.7126,High,2.0
synthetic_balance,2.22,5.27,5.68,0.0,-0.3901,0.51,-1.0021,-10.9202,0.2628,Low,3.0
synthetic_balance,22.45,2.56,2.34,12.91,-1.6753,-0.2666,-0.5644,-0.5096,0.2628,Low,3.0
real,21.0,5.63,15.88,45.0,0.0,0.0,0.0,0.0,0.5433,High,4.0
real,24.0,6.25,15.25,55.0,0.0,0.0,0.0,0.0,0.5962,Moderate,4.0
real,24.0,5.63,18.38,50.0,-6.0,0.6299999999999999,-3.5,-25.0,0.5995,High,3.0
real,36.0,7.5,15.25,75.0,0.0,0.0,0.0,0.0,0.7525,High,4.0
real,33.0,7.5,15.88,70.0,0.0,0.0,0.0,0.0,0.7275,High,4.0
synthetic,19.02,0.2,0.99,62.23,2.91,-2.64,-0.33,6.46,0.3001,Low,
synthetic_balance,36.39,5.15,9.92,93.28,6.035,-0.5095,-1.0466,0.6237,0.7821,High,2.0
real,27.0,7.5,15.25,75.0,0.0,0.0,0.0,0.0,0.6963,Low,2.0
synthetic_balance,34.19,8.95,6.14,30.46,-4.0557,0.8855,-0.0672,6.2608,0.6383,High,2.0
synthetic_balance,11.02,6.94,1.82,40.21,-5.5932,0.5771,-0.5876,3.7097,0.3717,Low,2.0
synthetic,32.8,2.6,6.66,65.34,-1.76,0.34,0.38,11.2,0.572,Moderate,
real,16.0,5.63,15.25,50.0,-10.0,-3.750000000000001,5.25,-30.0,0.5183,Low,3.0
real,11.0,1.25,6.5,30.0,0.0,0.0,0.0,0.0,0.24,Low,4.0
real,29.0,8.75,25.0,75.0,0.0,0.0,0.0,0.0,0.8375,Moderate,4.0
synthetic_balance,37.12,8.22,6.35,23.36,1.1723,0.0009,1.3817,1.7456,0.6565,High,2.0
real,21.0,5.0,15.88,60.0,-9.0,-0.6299999999999999,-2.869999999999999,-35.0,0.565,Low,3.0
synthetic,38.73,5.72,8.69,83.5,-4.16,0.06,-0.27,2.12,0.7747,High,
real,10.0,2.5,4.38,25.0,-10.0,-3.75,-10.87,-10.0,0.2313,Low,4.0
synthetic,35.0,1.18,9.8,81.28,3.35,-0.11,-0.18,-2.11,0.6555,Moderate,
real,29.0,8.75,15.25,75.0,-3.0,1.87,-6.629999999999999,10.0,0.74,Low,4.0
synthetic_balance,37.03,8.38,6.87,35.51,-4.5678,0.8818,0.0422,7.7246,0.6597,High,2.0
synthetic,13.44,0.61,0.88,44.72,0.14,0.49,0.03,-3.9,0.2295,Low,
real,13.0,1.88,6.5,15.0,-4.0,-1.87,-6.25,-25.0,0.2308,Moderate,3.0
synthetic_balance,36.22,7.83,8.0,99.0,-2.4479,0.1262,-0.4939,3.405,0.8295,High,3.0
real,32.0,8.75,18.75,75.0,18.0,4.37,0.370000000000001,30.0,0.7938,Low,3.0
synthetic_balance,18.05,0.28,7.21,20.51,0.7344,0.3218,0.3558,7.994,0.3265,Low,2.0
synthetic,17.08,1.4,7.18,24.92,3.51,-0.54,0.49,3.51,0.3538,Low,
synthetic_balance,20.9,8.95,10.99,96.53,3.1725,0.4506,0.3005,4.9862,0.825,High,2.0
real,27.0,8.13,21.5,50.0,6.0,1.8800000000000008,9.37,0.0,0.712,High,4.0
synthetic,13.58,7.84,3.37,2.66,-3.45,-0.62,-0.42,15.75,0.3577,Low,
synthetic_balance,32.44,8.51,12.59,78.84,0.4067,0.3969,1.1312,-4.665,0.868,High,2.0
synthetic_balance,38.11,4.11,11.15,78.88,-2.4153,-0.7301,1.0346,-10.1319,0.7737,High,2.0
synthetic,10.31,5.79,2.63,96.41,-0.36,-0.62,0.09,-10.9,0.505,Moderate,
synthetic_balance,37.81,9.27,5.43,71.95,0.0974,-1.3205,-0.5389,-2.1198,0.757,High,3.0
synthetic_balance,20.96,8.38,12.02,73.36,-1.7409,-0.1381,-0.0493,-10.0802,0.7768,High,2.0
real,19.0,4.38,6.88,45.0,6.0,1.25,-2.750000000000001,15.0,0.4096,Moderate,4.0
real,17.0,5.0,12.75,50.0,0.0,0.0,0.0,0.0,0.4838,Moderate,4.0
real,15.0,3.75,1.25,35.0,-12.0,-3.75,-9.38,-45.0,0.2875,Low,3.0
synthetic_balance,31.34,2.56,0.99,22.92,2.6189,-1.1515,-0.8821,3.1219,0.3216,Low,2.0
synthetic,26.87,1.44,4.53,76.13,-0.03,0.3,-0.19,-8.96,0.4888,Moderate,
synthetic_balance,35.46,6.5,2.84,93.19,-0.3414,-0.2589,0.72,7.8371,0.7069,High,2.0
synthetic,9.97,7.3,10.06,30.21,0.27,-0.79,-1.06,10.06,0.5298,Moderate,
synthetic,21.41,4.83,6.63,95.5,-2.74,-1.17,-0.36,-0.51,0.6315,Moderate,
synthetic_balance,8.36,7.33,5.92,2.2,0.6362,-0.3343,-0.0841,-7.2697,0.3486,Low,2.0
synthetic_balance,36.82,5.23,9.34,98.55,5.808,-0.4326,-0.8197,1.1196,0.8099,High,3.0
synthetic_balance,37.82,3.87,10.51,80.94,-1.713,-0.6306,0.8838,-10.2807,0.7745,High,2.0
synthetic,36.13,5.33,9.59,96.41,5.8,-0.65,-0.86,1.11,0.8,High,
real,33.0,6.25,15.25,80.0,10.0,-1.25,-3.129999999999999,20.0,0.715,Low,3.0
real,18.0,6.88,9.63,45.0,-13.0,-1.2500000000000009,-12.249999999999998,-30.0,0.4933,Moderate,3.0
synthetic_balance,28.19,0.93,2.6,21.34,0.775,-1.2328,0.2953,-0.9974,0.3008,Low,2.0
synthetic,35.05,4.97,2.05,0.97,-2.24,0.92,-0.15,5.81,0.3884,Moderate,
synthetic,13.88,9.85,2.1,94.85,-1.51,-0.52,-1.03,7.86,0.614,Moderate,
synthetic_balance,36.31,5.25,9.14,93.79,5.6984,-0.7364,-0.8197,2.785,0.8057,High,2.0
real,20.0,5.0,15.25,55.0,6.0,1.87,7.75,35.0,0.54,Low,4.0
synthetic_balance,36.08,9.6,3.44,66.56,1.8352,0.1357,-0.5039,-14.7039,0.7072,High,3.0
real,21.0,3.75,15.88,55.0,3.0,-1.25,0.6300000000000008,10.0,0.5213,High,4.0
synthetic,0.99,2.65,5.21,46.22,1.76,-0.17,1.01,5.95,0.2966,Low,
synthetic,7.51,4.87,6.82,74.46,0.51,0.44,-0.36,7.43,0.497,Moderate,
synthetic_balance,37.96,8.16,11.34,54.13,-1.8169,0.1957,1.2143,-8.4493,0.7993,High,2.0
synthetic,24.91,0.16,4.16,29.47,3.73,-0.45,-0.19,1.73,0.3198,Low,
synthetic,26.38,3.49,11.7,90.78,0.53,-1.06,-0.23,-3.1,0.7227,Moderate,
synthetic,35.06,5.36,11.67,93.33,-3.41,1.21,0.2,1.97,0.8296,High,
real,27.0,8.75,18.38,90.0,7.0,3.12,2.4999999999999982,40.0,0.7963,High,3.0
real,22.0,3.13,13.13,55.0,0.0,0.0,0.0,0.0,0.4846,Moderate,4.0
synthetic,35.84,2.2,3.64,92.34,-4.65,0.35,-0.46,-4.73,0.5856,Moderate,
real,29.0,7.5,18.75,75.0,0.0,0.0,0.0,0.0,0.7438,Low,4.0
real,21.0,5.0,10.0,40.0,0.0,0.0,0.0,0.0,0.4562,High,4.0
synthetic,33.79,9.41,2.32,12.44,-2.95,-0.97,-0.27,7.86,0.5258,Moderate,
synthetic_balance,2.47,2.82,4.03,45.42,-0.5815,0.2717,0.7414,3.8223,0.2622,Low,2.0
synthetic_balance,4.01,4.64,7.03,15.03,-4.4621,0.7035,0.6169,-0.0999,0.3086,Low,2.0
real,10.0,3.13,10.0,30.0,0.0,0.0,0.0,0.0,0.3157,High,2.0
real,34.0,8.13,12.75,80.0,15.0,2.500000000000001,-3.130000000000001,40.0,0.7433,Low,3.0
synthetic_balance,37.92,8.8,5.81,76.03,-0.4188,-1.3695,-0.643,0.5049,0.7602,High,3.0
synthetic_balance,13.34,2.47,0.82,52.93,1.2231,-1.8178,1.4076,-2.9651,0.2962,Low,3.0
synthetic_balance,35.03,5.49,11.98,70.23,-3.5823,-0.3126,-0.0853,-11.2104,0.7412,High,2.0
synthetic,11.31,1.75,5.21,5.86,-2.98,-1.09,0.52,-10.49,0.2376,Low,
synthetic_balance,25.19,5.29,10.0,76.25,1.3443,-0.066,1.7954,1.1595,0.6954,High,2.0
synthetic_balance,18.03,0.13,7.08,27.26,1.1278,-0.5738,0.3671,-0.9631,0.3414,Low,3.0
real,18.0,3.75,12.13,50.0,0.0,0.0,0.0,0.0,0.4526,High,2.0
synthetic_balance,35.45,6.35,6.18,76.74,-0.2014,-0.0446,0.9413,11.1989,0.6943,High,3.0
synthetic_balance,7.11,3.49,5.66,30.31,0.2013,0.9756,-0.1651,-0.0898,0.3195,Low,2.0
synthetic,4.48,4.71,6.85,10.81,-5.04,0.57,0.99,-2.13,0.3154,Low,
synthetic_balance,18.83,0.42,3.91,19.25,-2.8672,-0.6102,0.0005,12.5798,0.2626,Low,3.0
real,18.0,5.0,15.25,45.0,1.0,0.0,-3.129999999999999,5.0,0.5025,Moderate,3.0
real,9.0,1.88,6.5,30.0,0.0,-0.6200000000000001,-0.3799999999999999,15.0,0.2433,Moderate,3.0
synthetic,15.39,8.32,9.14,89.24,-1.55,-0.52,-0.86,-0.17,0.7177,Moderate,
real,20.0,4.38,10.0,60.0,9.0,2.5,0.0,40.0,0.4845,Low,4.0
synthetic,9.03,9.97,9.71,13.04,-5.59,-0.45,-1.7,-8.93,0.5405,Moderate,
synthetic,9.66,1.75,11.37,90.75,-2.54,1.21,0.66,2.46,0.5679,Moderate,
synthetic_balance,32.06,2.51,3.85,12.03,-0.4571,-0.0675,-0.7896,-0.1914,0.3605,Low,2.0
synthetic,28.95,8.67,11.07,94.37,0.96,1.61,1.07,-0.68,0.8642,High,
synthetic,33.98,1.81,7.36,17.34,-1.75,0.5,0.92,11.06,0.4543,Moderate,
synthetic,23.9,4.65,9.3,96.04,-1.34,-0.21,0.79,-3.9,0.6994,Moderate,
synthetic,30.29,6.17,3.42,94.47,-0.83,-0.74,-0.31,6.41,0.651,Moderate,
synthetic_balance,40.0,4.27,11.65,80.31,-1.203,-0.4102,1.1064,-10.2855,0.773,High,3.0
real,19.0,6.88,10.0,35.0,0.0,0.0,0.0,0.0,0.4782,Low,4.0
synthetic_balance,22.15,9.46,10.65,97.28,3.2289,0.4044,0.2701,3.9192,0.8255,High,2.0
real,15.0,6.25,6.88,45.0,-9.0,2.5,-11.5,-10.0,0.4313,High,4.0
real,15.0,6.88,6.88,60.0,2.0,5.0,0.3799999999999999,45.0,0.4846,Low,4.0
real,11.0,0.63,6.5,30.0,0.0,0.0,0.0,0.0,0.2245,Low,4.0
real,14.0,1.88,12.75,30.0,0.0,0.0,0.0,0.0,0.337,Moderate,2.0
real,10.0,1.25,6.5,15.0,0.0,0.0,0.0,0.0,0.1963,Low,4.0
synthetic,32.38,3.77,0.5,72.52,7.85,-0.46,0.59,-17.2,0.4885,Moderate,
synthetic,5.43,6.87,2.96,77.54,0.83,0.31,-0.93,-1.59,0.4611,Moderate,
synthetic,38.66,5.35,5.88,29.66,-2.8,0.4,-1.07,-0.18,0.572,Moderate,
synthetic,21.71,8.53,4.82,30.12,-0.8,-0.43,0.46,5.65,0.5245,Moderate,
real,11.0,5.0,10.0,15.0,-5.0,1.87,3.12,-20.0,0.3313,Low,4.0
real,19.0,6.25,18.38,50.0,0.0,0.0,0.0,0.0,0.5838,Low,4.0
synthetic,30.34,6.89,10.29,9.54,0.49,0.28,0.83,2.21,0.6001,Moderate,
real,32.0,8.13,18.75,90.0,2.0,1.2500000000000009,-0.25,20.0,0.8158,High,4.0
synthetic_balance,6.12,3.31,6.46,25.74,0.6187,0.7786,-0.024,-0.0629,0.3415,Low,2.0
synthetic_balance,13.21,9.64,11.22,63.81,2.429,0.2255,-0.1712,-4.6634,0.7081,High,2.0
real,22.0,5.63,12.75,55.0,0.0,0.0,0.0,0.0,0.5433,Low,4.0
synthetic,4.65,1.38,8.28,4.23,-5.14,1.02,-0.61,-2.42,0.2466,Low,
synthetic,8.98,0.73,3.74,84.89,7.58,-0.9,-0.33,-4.46,0.3644,Low,
synthetic_balance,20.76,2.52,1.57,15.2,-2.1526,-0.2338,-0.7031,0.7089,0.2669,Low,3.0
synthetic_balance,28.38,2.38,2.7,20.11,-0.6637,-0.2716,-0.9548,-2.4781,0.3688,Low,2.0
synthetic,4.02,6.1,10.46,99.26,4.27,0.35,0.84,18.69,0.6436,Moderate,
synthetic,37.75,0.35,1.21,69.02,3.92,-0.39,1.1,-15.71,0.4423,Moderate,
real,32.0,8.13,12.75,80.0,2.0,0.6300000000000008,-8.75,5.0,0.7308,High,4.0
synthetic_balance,0.0,7.04,1.07,79.02,0.2081,-0.6966,-0.5681,-10.1077,0.3939,Low,2.0
synthetic_balance,10.18,0.71,2.4,5.03,0.6466,-0.5966,0.8876,-10.3956,0.1692,Low,2.0
synthetic_balance,20.84,10.0,7.94,87.12,5.113,-0.3328,-0.5557,-12.6743,0.7623,High,2.0
synthetic_balance,36.33,5.74,10.47,65.98,-1.8528,0.134,1.2612,-15.3995,0.7736,High,4.0
real,7.0,1.25,3.75,35.0,0.0,0.0,0.0,0.0,0.2,Low,4.0
synthetic_balance,29.4,0.35,4.19,5.97,2.2116,1.3868,-0.4459,3.5269,0.296,Low,2.0
real,10.0,3.75,7.5,30.0,0.0,0.0,0.0,0.0,0.3063,Moderate,4.0
synthetic,21.01,4.07,6.97,67.17,-4.34,0.35,-1.33,10.15,0.5462,Moderate,
real,30.0,5.0,21.88,75.0,0.0,0.0,0.0,0.0,0.7188,Moderate,2.0
synthetic_balance,8.53,3.97,3.53,0.0,0.1709,-0.2571,1.0967,-15.1576,0.2147,Low,2.0
synthetic,16.95,9.48,5.43,56.39,-2.62,-1.35,-0.19,-11.94,0.5971,Moderate,
synthetic_balance,36.39,9.27,3.87,60.97,4.2207,2.2134,-0.7979,-5.1948,0.7023,High,3.0
synthetic_balance,9.73,0.91,7.49,55.85,2.9631,-0.3089,1.2202,0.3826,0.3397,Low,2.0
synthetic_balance,13.22,7.63,2.98,3.52,-1.5135,1.2651,-1.5429,-8.1128,0.3482,Low,2.0
synthetic_balance,10.54,7.97,4.71,0.0,1.463,-0.3195,-0.1778,-8.7738,0.3531,Low,2.0
real,27.0,6.25,19.0,75.0,0.0,0.0,0.0,0.0,0.7025,High,4.0
synthetic,6.4,6.13,9.18,11.76,1.46,0.75,-1.22,-0.41,0.414,Moderate,
synthetic_balance,5.39,5.34,4.93,7.99,0.0191,0.6152,0.375,3.205,0.2905,Low,3.0
synthetic,33.01,7.96,8.39,95.76,-2.16,-0.47,0.14,4.76,0.8195,High,
synthetic_balance,1.62,8.53,2.01,67.6,-2.3265,-0.3326,-0.172,-11.5404,0.4293,Low,3.0
synthetic,34.86,0.13,2.69,88.11,2.03,0.74,-0.97,-11.82,0.4974,Moderate,
real,23.0,5.63,15.25,45.0,0.0,0.0,0.0,0.0,0.5495,High,2.0
synthetic_balance,12.27,7.63,3.33,8.16,-1.9461,0.2154,-0.3325,7.9844,0.356,Low,3.0
real,35.0,8.13,19.0,90.0,0.0,0.0,0.0,0.0,0.837,Moderate,2.0
synthetic,16.9,6.6,7.6,76.04,4.74,-1.33,0.33,-14.19,0.619,Moderate,
synthetic,26.54,6.02,9.39,69.64,1.06,-0.07,1.63,2.54,0.6863,High,
real,20.0,5.0,12.13,45.0,0.0,0.0,0.0,0.0,0.4838,Moderate,4.0
synthetic_balance,10.17,0.71,3.61,86.12,7.7493,-0.8421,-0.3713,-4.8021,0.3589,Low,3.0
synthetic_balance,36.51,5.36,10.8,96.47,-2.9783,1.0621,0.5116,3.6051,0.8306,High,2.0
real,26.0,7.5,25.0,75.0,0.0,0.0,0.0,0.0,0.7875,Low,4.0
synthetic,29.15,9.99,8.05,4.31,0.54,1.49,0.48,-10.45,0.6104,Moderate,
synthetic,1.85,1.23,11.59,98.45,-2.5,0.05,-0.45,2.5,0.53,Moderate,
real,19.0,4.38,6.88,55.0,0.0,0.0,0.0,0.0,0.4346,Low,4.0
synthetic_balance,0.18,0.47,10.39,27.52,-0.3579,0.6715,0.6396,-7.2029,0.3197,Low,2.0
synthetic_balance,39.57,9.07,5.62,75.55,-0.1554,-1.2822,-0.4807,-1.9188,0.7625,High,3.0
real,13.0,2.5,3.75,15.0,-5.0,-3.75,-6.25,-40.0,0.2188,Moderate,3.0
real,15.0,4.38,15.25,70.0,-6.0,-2.5,2.119999999999999,35.0,0.5308,Low,3.0
synthetic,31.71,1.12,10.14,24.32,-4.41,0.1,-1.07,-8.65,0.4981,Moderate,
real,6.0,1.88,7.5,35.0,-23.0,-5.62,-10.88,-30.0,0.247,Moderate,3.0
synthetic,24.01,7.7,5.72,14.92,-4.11,-0.48,-0.53,6.67,0.4991,Moderate,
real,13.0,1.88,10.0,15.0,0.0,0.0,0.0,0.0,0.2658,Moderate,2.0
synthetic,37.85,3.07,2.73,8.13,1.68,1.25,0.73,-21.96,0.3906,Moderate,
synthetic_balance,28.59,2.3,9.32,12.19,-0.765,-2.1452,-0.4501,-3.0302,0.4614,Low,3.0
real,12.0,1.88,4.38,25.0,3.0,0.6299999999999999,-2.12,0.0,0.2283,High,3.0
real,14.0,0.63,12.75,5.0,0.0,0.0,0.0,0.0,0.2433,Low,2.0
real,33.0,6.88,19.0,70.0,0.0,0.0,0.0,0.0,0.7433,Moderate,2.0
real,17.0,5.63,10.0,40.0,0.0,0.0,0.0,0.0,0.447,Moderate,4.0
synthetic,7.93,8.8,9.83,12.91,0.86,-1.49,1.28,1.49,0.5066,Moderate,
real,30.0,9.38,12.75,65.0,6.0,3.750000000000001,-5.629999999999999,15.0,0.712,Moderate,4.0
real,7.0,1.88,6.5,35.0,0.0,0.0,0.0,0.0,0.2433,Low,2.0
